<?xml version="1.0"?>
<!-- $Id: java.xml,v 1.1 2006/08/03 13:41:00 redbeard Exp $ -->

<highlight lang="java">

  <authors>
    <author name="Andrey Demenev" email ="demenev@gmail.com"/>
  </authors>

  <default innerClass="code" />

  <region name="block" delimClass="brackets" innerClass="code" start="\{" end="\}">
    <contains all="yes"/>
  </region>

  <region name="brackets" delimClass="brackets" innerClass="code" start="\(" end="\)" >
    <contains all="yes"/>
  </region>

  <region name="sqbrackets" delimClass="brackets" innerClass="code" start="\[" end="\]">
    <contains all="yes"/>
  </region>


  <region name="mlcomment" innerClass="comment" start="\/\*" end="\*\/">
    <contains block="javadoc"/>
    <contains block="cvstag"/>
  </region>

  <region name="strdouble" delimClass="quotes" innerClass="string" start="&quot;" end="&quot;" />

  <region name="strsingle" delimClass="quotes" innerClass="string" start="'" end="'"/>

  <block name="escaped" match="\\." innerClass="special" contained="yes">
    <onlyin region="strsingle"/>
  </block>

  <block name="descaped" match="\\[\\&quot;'`tnr\$\{]" innerClass="special" contained="yes">
    <onlyin region="strdouble"/>
  </block>


  <region name="comment" start="\/\/" end="/$/m" innerClass="comment">
    <contains block="cvstag"/>
  </region>

  <block name="identifier" match="[a-z_]\w*" innerClass="identifier" />

  <block name="hexinteger" match="0[xX][\da-f]+" innerClass="number" />
  <block name="integer" match="\d\d*|\b0\b" innerClass="number" />
  <block name="octinteger" match="0[0-7]+" innerClass="number" />
  <block name="float" match="(\d*\.\d+)|(\d+\.\d*)" innerClass="number" />
  <block name="exponent" 
         match="((\d+|((\d*\.\d+)|(\d+\.\d*)))[eE][+-]?\d+)" 
         innerClass="number" />

  <block name="javadoc" match="\s@\w+\s" innerClass="inlinedoc" contained="yes">
    <onlyin region="mlcomment"/>
    <onlyin region="comment"/>
  </block>

  <block name="url" match="((https?|ftp):\/\/[\w\?\.\-\&amp;=\/%+]+)|(^|[\s,!?])www\.\w+\.\w+[\w\?\.\&amp;=\/%+]*" innerClass="url" contained="yes">
    <onlyin region="mlcomment"/>
    <onlyin region="comment"/>
  </block>
  
  <block name="email" match="\w+[\.\w\-]+@(\w+[\.\w\-])+" innerClass="url" contained="yes">
    <onlyin region="mlcomment"/>
    <onlyin region="comment"/>
  </block>
  
  <block name="note" match="\bnote:" innerClass="inlinedoc" contained="yes">
    <onlyin region="mlcomment"/>
    <onlyin region="comment"/>
  </block>
  

  <block name="cvstag" match="\$\w+\s*:.*\$" innerClass="inlinedoc" contained="yes">
    <onlyin region="mlcomment"/>
    <onlyin region="comment"/>
  </block>

  <keywords name="types" inherits="identifier" innerClass="types" case = "yes">
	<keyword match="boolean" />
	<keyword match="byte" />
	<keyword match="char" />
	<keyword match="const" />
	<keyword match="double" />
	<keyword match="final" />
	<keyword match="float" />
	<keyword match="int" />
	<keyword match="long" />
	<keyword match="short" />
	<keyword match="static" />
	<keyword match="void" />
  </keywords> 

  <keywords name="reserved" inherits="identifier" innerClass="reserved" case="yes">
    <keyword match="import"/>
	<keyword match="package"/>
	<keyword match="abstract" />
	<keyword match="break" />
	<keyword match="case" />
	<keyword match="catch" />
	<keyword match="class" />
	<keyword match="continue" />
	<keyword match="default" />
	<keyword match="do" />
	<keyword match="else" />
	<keyword match="extends" />
	<keyword match="false" />
	<keyword match="finally" />
	<keyword match="for" />
	<keyword match="goto" />
	<keyword match="if" />
	<keyword match="implements" />
	<keyword match="instanceof" />
	<keyword match="interface" />
	<keyword match="native" />
	<keyword match="new" />
	<keyword match="null" />
	<keyword match="private" />
	<keyword match="protected" />
	<keyword match="public" />
	<keyword match="return" />
	<keyword match="super" />
	<keyword match="strictfp" />
	<keyword match="switch" />
	<keyword match="synchronized" />
	<keyword match="this" />
	<keyword match="throws" />
	<keyword match="throw" />
	<keyword match="transient" />
	<keyword match="true" />
	<keyword match="try" />
	<keyword match="volatile" />
	<keyword match="while" />
  </keywords> 

  <keywords name="builtin" inherits="identifier" innerClass="builtin" case = "yes" ifdef="java.builtins">
	<keyword match="AbstractAction" />
	<keyword match="AbstractBorder" />
	<keyword match="AbstractButton" />
	<keyword match="AbstractCellEditor" />
	<keyword match="AbstractCollection" />
	<keyword match="AbstractColorChooserPanel" />
	<keyword match="AbstractDocument" />
	<keyword match="AbstractInterruptibleChannel" />
	<keyword match="AbstractLayoutCache" />
	<keyword match="AbstractList" />
	<keyword match="AbstractListModel" />
	<keyword match="AbstractMap" />
	<keyword match="AbstractMethodError" />
	<keyword match="AbstractPreferences" />
	<keyword match="AbstractSelectableChannel" />
	<keyword match="AbstractSelectionKey" />
	<keyword match="AbstractSelector" />
	<keyword match="AbstractSequentialList" />
	<keyword match="AbstractSet" />
	<keyword match="AbstractSpinnerModel" />
	<keyword match="AbstractTableModel" />
	<keyword match="AbstractUndoableEdit" />
	<keyword match="AbstractWriter" />
	<keyword match="AccessControlContext" />
	<keyword match="AccessControlException" />
	<keyword match="AccessController" />
	<keyword match="AccessException" />
	<keyword match="Accessible" />
	<keyword match="AccessibleAction" />
	<keyword match="AccessibleBundle" />
	<keyword match="AccessibleComponent" />
	<keyword match="AccessibleContext" />
	<keyword match="AccessibleEditableText" />
	<keyword match="AccessibleExtendedComponent" />
	<keyword match="AccessibleExtendedTable" />
	<keyword match="AccessibleHyperlink" />
	<keyword match="AccessibleHypertext" />
	<keyword match="AccessibleIcon" />
	<keyword match="AccessibleKeyBinding" />
	<keyword match="AccessibleObject" />
	<keyword match="AccessibleRelation" />
	<keyword match="AccessibleRelationSet" />
	<keyword match="AccessibleResourceBundle" />
	<keyword match="AccessibleRole" />
	<keyword match="AccessibleSelection" />
	<keyword match="AccessibleState" />
	<keyword match="AccessibleStateSet" />
	<keyword match="AccessibleTable" />
	<keyword match="AccessibleTableModelChange" />
	<keyword match="AccessibleText" />
	<keyword match="AccessibleValue" />
	<keyword match="AccountExpiredException" />
	<keyword match="Acl" />
	<keyword match="AclEntry" />
	<keyword match="AclNotFoundException" />
	<keyword match="Action" />
	<keyword match="ActionEvent" />
	<keyword match="ActionListener" />
	<keyword match="ActionMap" />
	<keyword match="ActionMapUIResource" />
	<keyword match="Activatable" />
	<keyword match="ActivateFailedException" />
	<keyword match="ActivationDesc" />
	<keyword match="ActivationException" />
	<keyword match="ActivationGroup" />
	<keyword match="ActivationGroup_Stub" />
	<keyword match="ActivationGroupDesc" />
	<keyword match="ActivationGroupID" />
	<keyword match="ActivationID" />
	<keyword match="ActivationInstantiator" />
	<keyword match="ActivationMonitor" />
	<keyword match="ActivationSystem" />
	<keyword match="Activator" />
	<keyword match="ActiveEvent" />
	<keyword match="AdapterActivator" />
	<keyword match="AdapterActivatorOperations" />
	<keyword match="AdapterAlreadyExists" />
	<keyword match="AdapterAlreadyExistsHelper" />
	<keyword match="AdapterInactive" />
	<keyword match="AdapterInactiveHelper" />
	<keyword match="AdapterNonExistent" />
	<keyword match="AdapterNonExistentHelper" />
	<keyword match="AddressHelper" />
	<keyword match="Adjustable" />
	<keyword match="AdjustmentEvent" />
	<keyword match="AdjustmentListener" />
	<keyword match="Adler32" />
	<keyword match="AffineTransform" />
	<keyword match="AffineTransformOp" />
	<keyword match="AlgorithmParameterGenerator" />
	<keyword match="AlgorithmParameterGeneratorSpi" />
	<keyword match="AlgorithmParameters" />
	<keyword match="AlgorithmParameterSpec" />
	<keyword match="AlgorithmParametersSpi" />
	<keyword match="AllPermission" />
	<keyword match="AlphaComposite" />
	<keyword match="AlreadyBound" />
	<keyword match="AlreadyBoundException" />
	<keyword match="AlreadyBoundHelper" />
	<keyword match="AlreadyBoundHolder" />
	<keyword match="AlreadyConnectedException" />
	<keyword match="AncestorEvent" />
	<keyword match="AncestorListener" />
	<keyword match="Annotation" />
	<keyword match="Any" />
	<keyword match="AnyHolder" />
	<keyword match="AnySeqHelper" />
	<keyword match="AnySeqHelper" />
	<keyword match="AnySeqHolder" />
	<keyword match="AppConfigurationEntry" />
	<keyword match="Applet" />
	<keyword match="AppletContext" />
	<keyword match="AppletInitializer" />
	<keyword match="AppletStub" />
	<keyword match="ApplicationException" />
	<keyword match="Arc2D" />
	<keyword match="Area" />
	<keyword match="AreaAveragingScaleFilter" />
	<keyword match="ARG_IN" />
	<keyword match="ARG_INOUT" />
	<keyword match="ARG_OUT" />
	<keyword match="ArithmeticException" />
	<keyword match="Array" />
	<keyword match="Array" />
	<keyword match="ArrayIndexOutOfBoundsException" />
	<keyword match="ArrayList" />
	<keyword match="Arrays" />
	<keyword match="ArrayStoreException" />
	<keyword match="AssertionError" />
	<keyword match="AsyncBoxView" />
	<keyword match="AsynchronousCloseException" />
	<keyword match="Attr" />
	<keyword match="Attribute" />
	<keyword match="Attribute" />
	<keyword match="AttributedCharacterIterator" />
	<keyword match="AttributedString" />
	<keyword match="AttributeException" />
	<keyword match="AttributeInUseException" />
	<keyword match="AttributeList" />
	<keyword match="AttributeList" />
	<keyword match="AttributeListImpl" />
	<keyword match="AttributeModificationException" />
	<keyword match="Attributes" />
	<keyword match="Attributes" />
	<keyword match="Attributes" />
	<keyword match="AttributeSet" />
	<keyword match="AttributeSet" />
	<keyword match="AttributeSetUtilities" />
	<keyword match="AttributesImpl" />
	<keyword match="AudioClip" />
	<keyword match="AudioFileFormat" />
	<keyword match="AudioFileReader" />
	<keyword match="AudioFileWriter" />
	<keyword match="AudioFormat" />
	<keyword match="AudioInputStream" />
	<keyword match="AudioPermission" />
	<keyword match="AudioSystem" />
	<keyword match="AuthenticationException" />
	<keyword match="AuthenticationNotSupportedException" />
	<keyword match="Authenticator" />
	<keyword match="AuthPermission" />
	<keyword match="Autoscroll" />
	<keyword match="AWTError" />
	<keyword match="AWTEvent" />
	<keyword match="AWTEventListener" />
	<keyword match="AWTEventListenerProxy" />
	<keyword match="AWTEventMulticaster" />
	<keyword match="AWTException" />
	<keyword match="AWTKeyStroke" />
	<keyword match="AWTPermission" />
	<keyword match="BackingStoreException" />
	<keyword match="BAD_CONTEXT" />
	<keyword match="BAD_INV_ORDER" />
	<keyword match="BAD_OPERATION" />
	<keyword match="BAD_PARAM" />
	<keyword match="BAD_POLICY" />
	<keyword match="BAD_POLICY_TYPE" />
	<keyword match="BAD_POLICY_VALUE" />
	<keyword match="BAD_TYPECODE" />
	<keyword match="BadKind" />
	<keyword match="BadLocationException" />
	<keyword match="BadPaddingException" />
	<keyword match="BandCombineOp" />
	<keyword match="BandedSampleModel" />
	<keyword match="BasicArrowButton" />
	<keyword match="BasicAttribute" />
	<keyword match="BasicAttributes" />
	<keyword match="BasicBorders" />
	<keyword match="BasicButtonListener" />
	<keyword match="BasicButtonUI" />
	<keyword match="BasicCheckBoxMenuItemUI" />
	<keyword match="BasicCheckBoxUI" />
	<keyword match="BasicColorChooserUI" />
	<keyword match="BasicComboBoxEditor" />
	<keyword match="BasicComboBoxRenderer" />
	<keyword match="BasicComboBoxUI" />
	<keyword match="BasicComboPopup" />
	<keyword match="BasicDesktopIconUI" />
	<keyword match="BasicDesktopPaneUI" />
	<keyword match="BasicDirectoryModel" />
	<keyword match="BasicEditorPaneUI" />
	<keyword match="BasicFileChooserUI" />
	<keyword match="BasicFormattedTextFieldUI" />
	<keyword match="BasicGraphicsUtils" />
	<keyword match="BasicHTML" />
	<keyword match="BasicIconFactory" />
	<keyword match="BasicInternalFrameTitlePane" />
	<keyword match="BasicInternalFrameUI" />
	<keyword match="BasicLabelUI" />
	<keyword match="BasicListUI" />
	<keyword match="BasicLookAndFeel" />
	<keyword match="BasicMenuBarUI" />
	<keyword match="BasicMenuItemUI" />
	<keyword match="BasicMenuUI" />
	<keyword match="BasicOptionPaneUI" />
	<keyword match="BasicPanelUI" />
	<keyword match="BasicPasswordFieldUI" />
	<keyword match="BasicPermission" />
	<keyword match="BasicPopupMenuSeparatorUI" />
	<keyword match="BasicPopupMenuUI" />
	<keyword match="BasicProgressBarUI" />
	<keyword match="BasicRadioButtonMenuItemUI" />
	<keyword match="BasicRadioButtonUI" />
	<keyword match="BasicRootPaneUI" />
	<keyword match="BasicScrollBarUI" />
	<keyword match="BasicScrollPaneUI" />
	<keyword match="BasicSeparatorUI" />
	<keyword match="BasicSliderUI" />
	<keyword match="BasicSpinnerUI" />
	<keyword match="BasicSplitPaneDivider" />
	<keyword match="BasicSplitPaneUI" />
	<keyword match="BasicStroke" />
	<keyword match="BasicTabbedPaneUI" />
	<keyword match="BasicTableHeaderUI" />
	<keyword match="BasicTableUI" />
	<keyword match="BasicTextAreaUI" />
	<keyword match="BasicTextFieldUI" />
	<keyword match="BasicTextPaneUI" />
	<keyword match="BasicTextUI" />
	<keyword match="BasicToggleButtonUI" />
	<keyword match="BasicToolBarSeparatorUI" />
	<keyword match="BasicToolBarUI" />
	<keyword match="BasicToolTipUI" />
	<keyword match="BasicTreeUI" />
	<keyword match="BasicViewportUI" />
	<keyword match="BatchUpdateException" />
	<keyword match="BeanContext" />
	<keyword match="BeanContextChild" />
	<keyword match="BeanContextChildComponentProxy" />
	<keyword match="BeanContextChildSupport" />
	<keyword match="BeanContextContainerProxy" />
	<keyword match="BeanContextEvent" />
	<keyword match="BeanContextMembershipEvent" />
	<keyword match="BeanContextMembershipListener" />
	<keyword match="BeanContextProxy" />
	<keyword match="BeanContextServiceAvailableEvent" />
	<keyword match="BeanContextServiceProvider" />
	<keyword match="BeanContextServiceProviderBeanInfo" />
	<keyword match="BeanContextServiceRevokedEvent" />
	<keyword match="BeanContextServiceRevokedListener" />
	<keyword match="BeanContextServices" />
	<keyword match="BeanContextServicesListener" />
	<keyword match="BeanContextServicesSupport" />
	<keyword match="BeanContextSupport" />
	<keyword match="BeanDescriptor" />
	<keyword match="BeanInfo" />
	<keyword match="Beans" />
	<keyword match="BevelBorder" />
	<keyword match="Bidi" />
	<keyword match="BigDecimal" />
	<keyword match="BigInteger" />
	<keyword match="BinaryRefAddr" />
	<keyword match="BindException" />
	<keyword match="Binding" />
	<keyword match="Binding" />
	<keyword match="BindingHelper" />
	<keyword match="BindingHolder" />
	<keyword match="BindingIterator" />
	<keyword match="BindingIteratorHelper" />
	<keyword match="BindingIteratorHolder" />
	<keyword match="BindingIteratorOperations" />
	<keyword match="BindingIteratorPOA" />
	<keyword match="BindingListHelper" />
	<keyword match="BindingListHolder" />
	<keyword match="BindingType" />
	<keyword match="BindingTypeHelper" />
	<keyword match="BindingTypeHolder" />
	<keyword match="BitSet" />
	<keyword match="Blob" />
	<keyword match="BlockView" />
	<keyword match="Book" />
	<keyword match="Boolean" />
	<keyword match="BooleanControl" />
	<keyword match="BooleanHolder" />
	<keyword match="BooleanSeqHelper" />
	<keyword match="BooleanSeqHolder" />
	<keyword match="Border" />
	<keyword match="BorderFactory" />
	<keyword match="BorderLayout" />
	<keyword match="BorderUIResource" />
	<keyword match="BoundedRangeModel" />
	<keyword match="Bounds" />
	<keyword match="Bounds" />
	<keyword match="Box" />
	<keyword match="BoxedValueHelper" />
	<keyword match="BoxLayout" />
	<keyword match="BoxView" />
	<keyword match="BreakIterator" />
	<keyword match="Buffer" />
	<keyword match="BufferCapabilities" />
	<keyword match="BufferedImage" />
	<keyword match="BufferedImageFilter" />
	<keyword match="BufferedImageOp" />
	<keyword match="BufferedInputStream" />
	<keyword match="BufferedOutputStream" />
	<keyword match="BufferedReader" />
	<keyword match="BufferedWriter" />
	<keyword match="BufferOverflowException" />
	<keyword match="BufferStrategy" />
	<keyword match="BufferUnderflowException" />
	<keyword match="Button" />
	<keyword match="ButtonGroup" />
	<keyword match="ButtonModel" />
	<keyword match="ButtonUI" />
	<keyword match="Byte" />
	<keyword match="ByteArrayInputStream" />
	<keyword match="ByteArrayOutputStream" />
	<keyword match="ByteBuffer" />
	<keyword match="ByteChannel" />
	<keyword match="ByteHolder" />
	<keyword match="ByteLookupTable" />
	<keyword match="ByteOrder" />
	<keyword match="Calendar" />
	<keyword match="CallableStatement" />
	<keyword match="Callback" />
	<keyword match="CallbackHandler" />
	<keyword match="CancelablePrintJob" />
	<keyword match="CancelledKeyException" />
	<keyword match="CannotProceed" />
	<keyword match="CannotProceedException" />
	<keyword match="CannotProceedHelper" />
	<keyword match="CannotProceedHolder" />
	<keyword match="CannotRedoException" />
	<keyword match="CannotUndoException" />
	<keyword match="Canvas" />
	<keyword match="CardLayout" />
	<keyword match="Caret" />
	<keyword match="CaretEvent" />
	<keyword match="CaretListener" />
	<keyword match="CDATASection" />
	<keyword match="CellEditor" />
	<keyword match="CellEditorListener" />
	<keyword match="CellRendererPane" />
	<keyword match="Certificate" />
	<keyword match="Certificate" />
	<keyword match="Certificate" />
	
	<keyword match="CertificateEncodingException" />
	<keyword match="CertificateEncodingException" />
	<keyword match="CertificateException" />
	<keyword match="CertificateException" />
	<keyword match="CertificateExpiredException" />
	<keyword match="CertificateExpiredException" />
	<keyword match="CertificateFactory" />
	<keyword match="CertificateFactorySpi" />
	<keyword match="CertificateNotYetValidException" />
	<keyword match="CertificateNotYetValidException" />
	<keyword match="CertificateParsingException" />
	<keyword match="CertificateParsingException" />
	<keyword match="CertPath" />
	
	<keyword match="CertPathBuilder" />
	<keyword match="CertPathBuilderException" />
	<keyword match="CertPathBuilderResult" />
	<keyword match="CertPathBuilderSpi" />
	<keyword match="CertPathParameters" />
	<keyword match="CertPathValidator" />
	<keyword match="CertPathValidatorException" />
	<keyword match="CertPathValidatorResult" />
	<keyword match="CertPathValidatorSpi" />
	<keyword match="CertSelector" />
	<keyword match="CertStore" />
	<keyword match="CertStoreException" />
	<keyword match="CertStoreParameters" />
	<keyword match="CertStoreSpi" />
	<keyword match="ChangedCharSetException" />
	<keyword match="ChangeEvent" />
	<keyword match="ChangeListener" />
	<keyword match="Channel" />
	<keyword match="ChannelBinding" />
	<keyword match="Channels" />
	<keyword match="Character" />
	
	
	<keyword match="CharacterCodingException" />
	<keyword match="CharacterData" />
	<keyword match="CharacterIterator" />
	<keyword match="CharArrayReader" />
	<keyword match="CharArrayWriter" />
	<keyword match="CharBuffer" />
	<keyword match="CharConversionException" />
	<keyword match="CharHolder" />
	<keyword match="CharSeqHelper" />
	<keyword match="CharSeqHolder" />
	<keyword match="CharSequence" />
	<keyword match="Charset" />
	<keyword match="CharsetDecoder" />
	<keyword match="CharsetEncoder" />
	<keyword match="CharsetProvider" />
	<keyword match="Checkbox" />
	<keyword match="CheckboxGroup" />
	<keyword match="CheckboxMenuItem" />
	<keyword match="CheckedInputStream" />
	<keyword match="CheckedOutputStream" />
	<keyword match="Checksum" />
	<keyword match="Choice" />
	<keyword match="ChoiceCallback" />
	<keyword match="ChoiceFormat" />
	<keyword match="Chromaticity" />
	<keyword match="Cipher" />
	<keyword match="CipherInputStream" />
	<keyword match="CipherOutputStream" />
	<keyword match="CipherSpi" />
	<keyword match="Class" />
	<keyword match="ClassCastException" />
	<keyword match="ClassCircularityError" />
	<keyword match="ClassDesc" />
	<keyword match="ClassFormatError" />
	<keyword match="ClassLoader" />
	<keyword match="ClassNotFoundException" />
	<keyword match="ClientRequestInfo" />
	<keyword match="ClientRequestInfoOperations" />
	<keyword match="ClientRequestInterceptor" />
	<keyword match="ClientRequestInterceptorOperations" />
	<keyword match="Clip" />
	<keyword match="Clipboard" />
	<keyword match="ClipboardOwner" />
	<keyword match="Clob" />
	<keyword match="Cloneable" />
	<keyword match="CloneNotSupportedException" />
	<keyword match="ClosedByInterruptException" />
	<keyword match="ClosedChannelException" />
	<keyword match="ClosedSelectorException" />
	<keyword match="CMMException" />
	<keyword match="Codec" />
	<keyword match="CodecFactory" />
	<keyword match="CodecFactoryHelper" />
	<keyword match="CodecFactoryOperations" />
	<keyword match="CodecOperations" />
	<keyword match="CoderMalfunctionError" />
	<keyword match="CoderResult" />
	<keyword match="CodeSets" />
	<keyword match="CodeSource" />
	<keyword match="CodingErrorAction" />
	<keyword match="CollationElementIterator" />
	<keyword match="CollationKey" />
	<keyword match="Collator" />
	<keyword match="Collection" />
	<keyword match="CollectionCertStoreParameters" />
	<keyword match="Collections" />
	<keyword match="Color" />
	<keyword match="ColorChooserComponentFactory" />
	<keyword match="ColorChooserUI" />
	<keyword match="ColorConvertOp" />
	<keyword match="ColorModel" />
	<keyword match="ColorSelectionModel" />
	<keyword match="ColorSpace" />
	<keyword match="ColorSupported" />
	<keyword match="ColorUIResource" />
	<keyword match="ComboBoxEditor" />
	<keyword match="ComboBoxModel" />
	<keyword match="ComboBoxUI" />
	<keyword match="ComboPopup" />
	<keyword match="COMM_FAILURE" />
	<keyword match="Comment" />
	<keyword match="CommunicationException" />
	<keyword match="Comparable" />
	<keyword match="Comparator" />
	<keyword match="Compiler" />
	<keyword match="CompletionStatus" />
	<keyword match="CompletionStatusHelper" />
	<keyword match="Component" />
	<keyword match="ComponentAdapter" />
	<keyword match="ComponentColorModel" />
	<keyword match="ComponentEvent" />
	<keyword match="ComponentIdHelper" />
	<keyword match="ComponentInputMap" />
	<keyword match="ComponentInputMapUIResource" />
	<keyword match="ComponentListener" />
	<keyword match="ComponentOrientation" />
	<keyword match="ComponentSampleModel" />
	<keyword match="ComponentUI" />
	<keyword match="ComponentView" />
	<keyword match="Composite" />
	<keyword match="CompositeContext" />
	<keyword match="CompositeName" />
	<keyword match="CompositeView" />
	<keyword match="CompoundBorder" />
	<keyword match="CompoundControl" />
	
	<keyword match="CompoundEdit" />
	<keyword match="CompoundName" />
	<keyword match="Compression" />
	<keyword match="ConcurrentModificationException" />
	<keyword match="Configuration" />
	<keyword match="ConfigurationException" />
	<keyword match="ConfirmationCallback" />
	<keyword match="ConnectException" />
	<keyword match="ConnectException" />
	<keyword match="ConnectIOException" />
	<keyword match="Connection" />
	<keyword match="ConnectionEvent" />
	<keyword match="ConnectionEventListener" />
	<keyword match="ConnectionPendingException" />
	<keyword match="ConnectionPoolDataSource" />
	<keyword match="ConsoleHandler" />
	<keyword match="Constructor" />
	<keyword match="Container" />
	<keyword match="ContainerAdapter" />
	<keyword match="ContainerEvent" />
	<keyword match="ContainerListener" />
	<keyword match="ContainerOrderFocusTraversalPolicy" />
	<keyword match="ContentHandler" />
	<keyword match="ContentHandler" />
	<keyword match="ContentHandlerFactory" />
	<keyword match="ContentModel" />
	<keyword match="Context" />
	<keyword match="Context" />
	<keyword match="ContextList" />
	<keyword match="ContextNotEmptyException" />
	<keyword match="ContextualRenderedImageFactory" />
	<keyword match="Control" />
	<keyword match="Control" />
	
	<keyword match="ControlFactory" />
	<keyword match="ControllerEventListener" />
	<keyword match="ConvolveOp" />
	<keyword match="CookieHolder" />
	<keyword match="Copies" />
	<keyword match="CopiesSupported" />
	<keyword match="CRC32" />
	<keyword match="CredentialExpiredException" />
	<keyword match="CRL" />
	<keyword match="CRLException" />
	<keyword match="CRLSelector" />
	<keyword match="CropImageFilter" />
	<keyword match="CSS" />
	
	<keyword match="CTX_RESTRICT_SCOPE" />
	<keyword match="CubicCurve2D" />
	
	
	<keyword match="Currency" />
	<keyword match="Current" />
	<keyword match="Current" />
	<keyword match="Current" />
	<keyword match="CurrentHelper" />
	<keyword match="CurrentHelper" />
	<keyword match="CurrentHelper" />
	<keyword match="CurrentHolder" />
	<keyword match="CurrentOperations" />
	<keyword match="CurrentOperations" />
	<keyword match="CurrentOperations" />
	<keyword match="Cursor" />
	<keyword match="Customizer" />
	<keyword match="CustomMarshal" />
	<keyword match="CustomValue" />
	<keyword match="DATA_CONVERSION" />
	<keyword match="DatabaseMetaData" />
	<keyword match="DataBuffer" />
	<keyword match="DataBufferByte" />
	<keyword match="DataBufferDouble" />
	<keyword match="DataBufferFloat" />
	<keyword match="DataBufferInt" />
	<keyword match="DataBufferShort" />
	<keyword match="DataBufferUShort" />
	<keyword match="DataFlavor" />
	<keyword match="DataFormatException" />
	<keyword match="DatagramChannel" />
	<keyword match="DatagramPacket" />
	<keyword match="DatagramSocket" />
	<keyword match="DatagramSocketImpl" />
	<keyword match="DatagramSocketImplFactory" />
	<keyword match="DataInput" />
	<keyword match="DataInputStream" />
	<keyword match="DataInputStream" />
	<keyword match="DataLine" />
	
	<keyword match="DataOutput" />
	<keyword match="DataOutputStream" />
	<keyword match="DataOutputStream" />
	<keyword match="DataSource" />
	<keyword match="DataTruncation" />
	<keyword match="Date" />
	<keyword match="Date" />
	<keyword match="DateFormat" />
	
	<keyword match="DateFormatSymbols" />
	<keyword match="DateFormatter" />
	<keyword match="DateTimeAtCompleted" />
	<keyword match="DateTimeAtCreation" />
	<keyword match="DateTimeAtProcessing" />
	<keyword match="DateTimeSyntax" />
	<keyword match="DebugGraphics" />
	<keyword match="DecimalFormat" />
	<keyword match="DecimalFormatSymbols" />
	<keyword match="DeclHandler" />
	<keyword match="DefaultBoundedRangeModel" />
	<keyword match="DefaultButtonModel" />
	<keyword match="DefaultCaret" />
	<keyword match="DefaultCellEditor" />
	<keyword match="DefaultColorSelectionModel" />
	<keyword match="DefaultComboBoxModel" />
	<keyword match="DefaultDesktopManager" />
	<keyword match="DefaultEditorKit" />
	
	
	
	
	
	
	
	
	<keyword match="DefaultFocusManager" />
	<keyword match="DefaultFocusTraversalPolicy" />
	<keyword match="DefaultFormatter" />
	<keyword match="DefaultFormatterFactory" />
	<keyword match="DefaultHandler" />
	<keyword match="DefaultHighlighter" />
	
	<keyword match="DefaultKeyboardFocusManager" />
	<keyword match="DefaultListCellRenderer" />
	
	<keyword match="DefaultListModel" />
	<keyword match="DefaultListSelectionModel" />
	<keyword match="DefaultMenuLayout" />
	<keyword match="DefaultMetalTheme" />
	<keyword match="DefaultMutableTreeNode" />
	<keyword match="DefaultPersistenceDelegate" />
	<keyword match="DefaultSingleSelectionModel" />
	<keyword match="DefaultStyledDocument" />
	
	
	<keyword match="DefaultTableCellRenderer" />
	
	<keyword match="DefaultTableColumnModel" />
	<keyword match="DefaultTableModel" />
	<keyword match="DefaultTextUI" />
	<keyword match="DefaultTreeCellEditor" />
	<keyword match="DefaultTreeCellRenderer" />
	<keyword match="DefaultTreeModel" />
	<keyword match="DefaultTreeSelectionModel" />
	<keyword match="DefinitionKind" />
	<keyword match="DefinitionKindHelper" />
	<keyword match="Deflater" />
	<keyword match="DeflaterOutputStream" />
	<keyword match="Delegate" />
	<keyword match="Delegate" />
	<keyword match="Delegate" />
	<keyword match="DelegationPermission" />
	<keyword match="DESedeKeySpec" />
	<keyword match="DesignMode" />
	<keyword match="DESKeySpec" />
	<keyword match="DesktopIconUI" />
	<keyword match="DesktopManager" />
	<keyword match="DesktopPaneUI" />
	<keyword match="Destination" />
	<keyword match="Destroyable" />
	<keyword match="DestroyFailedException" />
	<keyword match="DGC" />
	<keyword match="DHGenParameterSpec" />
	<keyword match="DHKey" />
	<keyword match="DHParameterSpec" />
	<keyword match="DHPrivateKey" />
	<keyword match="DHPrivateKeySpec" />
	<keyword match="DHPublicKey" />
	<keyword match="DHPublicKeySpec" />
	<keyword match="Dialog" />
	<keyword match="Dictionary" />
	<keyword match="DigestException" />
	<keyword match="DigestInputStream" />
	<keyword match="DigestOutputStream" />
	<keyword match="Dimension" />
	<keyword match="Dimension2D" />
	<keyword match="DimensionUIResource" />
	<keyword match="DirContext" />
	<keyword match="DirectColorModel" />
	<keyword match="DirectoryManager" />
	<keyword match="DirObjectFactory" />
	<keyword match="DirStateFactory" />
	
	<keyword match="DisplayMode" />
	<keyword match="DnDConstants" />
	<keyword match="Doc" />
	<keyword match="DocAttribute" />
	<keyword match="DocAttributeSet" />
	<keyword match="DocFlavor" />
	
	
	
	
	
	
	
	<keyword match="DocPrintJob" />
	<keyword match="Document" />
	<keyword match="Document" />
	<keyword match="DocumentBuilder" />
	<keyword match="DocumentBuilderFactory" />
	<keyword match="DocumentEvent" />
	
	
	<keyword match="DocumentFilter" />
	
	<keyword match="DocumentFragment" />
	<keyword match="DocumentHandler" />
	<keyword match="DocumentListener" />
	<keyword match="DocumentName" />
	<keyword match="DocumentParser" />
	<keyword match="DocumentType" />
	<keyword match="DomainCombiner" />
	<keyword match="DomainManager" />
	<keyword match="DomainManagerOperations" />
	<keyword match="DOMException" />
	<keyword match="DOMImplementation" />
	<keyword match="DOMLocator" />
	<keyword match="DOMResult" />
	<keyword match="DOMSource" />
	<keyword match="Double" />
	<keyword match="DoubleBuffer" />
	<keyword match="DoubleHolder" />
	<keyword match="DoubleSeqHelper" />
	<keyword match="DoubleSeqHolder" />
	<keyword match="DragGestureEvent" />
	<keyword match="DragGestureListener" />
	<keyword match="DragGestureRecognizer" />
	<keyword match="DragSource" />
	<keyword match="DragSourceAdapter" />
	<keyword match="DragSourceContext" />
	<keyword match="DragSourceDragEvent" />
	<keyword match="DragSourceDropEvent" />
	<keyword match="DragSourceEvent" />
	<keyword match="DragSourceListener" />
	<keyword match="DragSourceMotionListener" />
	<keyword match="Driver" />
	<keyword match="DriverManager" />
	<keyword match="DriverPropertyInfo" />
	<keyword match="DropTarget" />
	
	<keyword match="DropTargetAdapter" />
	<keyword match="DropTargetContext" />
	<keyword match="DropTargetDragEvent" />
	<keyword match="DropTargetDropEvent" />
	<keyword match="DropTargetEvent" />
	<keyword match="DropTargetListener" />
	<keyword match="DSAKey" />
	<keyword match="DSAKeyPairGenerator" />
	<keyword match="DSAParameterSpec" />
	<keyword match="DSAParams" />
	<keyword match="DSAPrivateKey" />
	<keyword match="DSAPrivateKeySpec" />
	<keyword match="DSAPublicKey" />
	<keyword match="DSAPublicKeySpec" />
	<keyword match="DTD" />
	<keyword match="DTDConstants" />
	<keyword match="DTDHandler" />
	<keyword match="DuplicateName" />
	<keyword match="DuplicateNameHelper" />
	<keyword match="DynamicImplementation" />
	<keyword match="DynamicImplementation" />
	<keyword match="DynAny" />
	<keyword match="DynAny" />
	<keyword match="DynAnyFactory" />
	<keyword match="DynAnyFactoryHelper" />
	<keyword match="DynAnyFactoryOperations" />
	<keyword match="DynAnyHelper" />
	<keyword match="DynAnyOperations" />
	<keyword match="DynAnySeqHelper" />
	<keyword match="DynArray" />
	<keyword match="DynArray" />
	<keyword match="DynArrayHelper" />
	<keyword match="DynArrayOperations" />
	<keyword match="DynEnum" />
	<keyword match="DynEnum" />
	<keyword match="DynEnumHelper" />
	<keyword match="DynEnumOperations" />
	<keyword match="DynFixed" />
	<keyword match="DynFixed" />
	<keyword match="DynFixedHelper" />
	<keyword match="DynFixedOperations" />
	<keyword match="DynSequence" />
	<keyword match="DynSequence" />
	<keyword match="DynSequenceHelper" />
	<keyword match="DynSequenceOperations" />
	<keyword match="DynStruct" />
	<keyword match="DynStruct" />
	<keyword match="DynStructHelper" />
	<keyword match="DynStructOperations" />
	<keyword match="DynUnion" />
	<keyword match="DynUnion" />
	<keyword match="DynUnionHelper" />
	<keyword match="DynUnionOperations" />
	<keyword match="DynValue" />
	<keyword match="DynValue" />
	<keyword match="DynValueBox" />
	<keyword match="DynValueBoxOperations" />
	<keyword match="DynValueCommon" />
	<keyword match="DynValueCommonOperations" />
	<keyword match="DynValueHelper" />
	<keyword match="DynValueOperations" />
	<keyword match="EditorKit" />
	<keyword match="Element" />
	<keyword match="Element" />
	<keyword match="Element" />
	<keyword match="ElementIterator" />
	<keyword match="Ellipse2D" />
	
	
	<keyword match="EmptyBorder" />
	<keyword match="EmptyStackException" />
	<keyword match="EncodedKeySpec" />
	<keyword match="Encoder" />
	<keyword match="Encoding" />
	<keyword match="ENCODING_CDR_ENCAPS" />
	<keyword match="EncryptedPrivateKeyInfo" />
	<keyword match="Entity" />
	<keyword match="Entity" />
	<keyword match="EntityReference" />
	<keyword match="EntityResolver" />
	<keyword match="EnumControl" />
	
	<keyword match="Enumeration" />
	<keyword match="EnumSyntax" />
	<keyword match="Environment" />
	<keyword match="EOFException" />
	<keyword match="Error" />
	<keyword match="ErrorHandler" />
	<keyword match="ErrorListener" />
	<keyword match="ErrorManager" />
	<keyword match="EtchedBorder" />
	<keyword match="Event" />
	<keyword match="EventContext" />
	<keyword match="EventDirContext" />
	<keyword match="EventHandler" />
	<keyword match="EventListener" />
	<keyword match="EventListenerList" />
	<keyword match="EventListenerProxy" />
	<keyword match="EventObject" />
	<keyword match="EventQueue" />
	<keyword match="EventSetDescriptor" />
	<keyword match="Exception" />
	<keyword match="ExceptionInInitializerError" />
	<keyword match="ExceptionList" />
	<keyword match="ExceptionListener" />
	<keyword match="ExemptionMechanism" />
	<keyword match="ExemptionMechanismException" />
	<keyword match="ExemptionMechanismSpi" />
	<keyword match="ExpandVetoException" />
	<keyword match="ExportException" />
	<keyword match="Expression" />
	<keyword match="ExtendedRequest" />
	<keyword match="ExtendedResponse" />
	<keyword match="Externalizable" />
	<keyword match="FactoryConfigurationError" />
	<keyword match="FailedLoginException" />
	<keyword match="FeatureDescriptor" />
	<keyword match="Fidelity" />
	<keyword match="Field" />
	<keyword match="FieldNameHelper" />
	<keyword match="FieldNameHelper" />
	<keyword match="FieldPosition" />
	<keyword match="FieldView" />
	<keyword match="File" />
	<keyword match="FileCacheImageInputStream" />
	<keyword match="FileCacheImageOutputStream" />
	<keyword match="FileChannel" />
	
	<keyword match="FileChooserUI" />
	<keyword match="FileDescriptor" />
	<keyword match="FileDialog" />
	<keyword match="FileFilter" />
	<keyword match="FileFilter" />
	<keyword match="FileHandler" />
	<keyword match="FileImageInputStream" />
	<keyword match="FileImageOutputStream" />
	<keyword match="FileInputStream" />
	<keyword match="FileLock" />
	<keyword match="FileLockInterruptionException" />
	<keyword match="FilenameFilter" />
	<keyword match="FileNameMap" />
	<keyword match="FileNotFoundException" />
	<keyword match="FileOutputStream" />
	<keyword match="FilePermission" />
	<keyword match="FileReader" />
	<keyword match="FileSystemView" />
	<keyword match="FileView" />
	<keyword match="FileWriter" />
	<keyword match="Filter" />
	<keyword match="FilteredImageSource" />
	<keyword match="FilterInputStream" />
	<keyword match="FilterOutputStream" />
	<keyword match="FilterReader" />
	<keyword match="FilterWriter" />
	<keyword match="Finishings" />
	<keyword match="FixedHeightLayoutCache" />
	<keyword match="FixedHolder" />
	<keyword match="FlatteningPathIterator" />
	<keyword match="FlavorException" />
	<keyword match="FlavorMap" />
	<keyword match="FlavorTable" />
	<keyword match="Float" />
	<keyword match="FloatBuffer" />
	<keyword match="FloatControl" />
	
	<keyword match="FloatHolder" />
	<keyword match="FloatSeqHelper" />
	<keyword match="FloatSeqHolder" />
	<keyword match="FlowLayout" />
	<keyword match="FlowView" />
	
	<keyword match="FocusAdapter" />
	<keyword match="FocusEvent" />
	<keyword match="FocusListener" />
	<keyword match="FocusManager" />
	<keyword match="FocusTraversalPolicy" />
	<keyword match="Font" />
	<keyword match="FontFormatException" />
	<keyword match="FontMetrics" />
	<keyword match="FontRenderContext" />
	<keyword match="FontUIResource" />
	<keyword match="Format" />
	
	<keyword match="FormatConversionProvider" />
	<keyword match="FormatMismatch" />
	<keyword match="FormatMismatchHelper" />
	<keyword match="Formatter" />
	<keyword match="FormView" />
	<keyword match="ForwardRequest" />
	<keyword match="ForwardRequest" />
	<keyword match="ForwardRequestHelper" />
	<keyword match="ForwardRequestHelper" />
	<keyword match="Frame" />
	<keyword match="FREE_MEM" />
	<keyword match="GapContent" />
	<keyword match="GatheringByteChannel" />
	<keyword match="GeneralPath" />
	<keyword match="GeneralSecurityException" />
	<keyword match="GlyphJustificationInfo" />
	<keyword match="GlyphMetrics" />
	<keyword match="GlyphVector" />
	<keyword match="GlyphView" />
	
	<keyword match="GradientPaint" />
	<keyword match="GraphicAttribute" />
	<keyword match="Graphics" />
	<keyword match="Graphics2D" />
	<keyword match="GraphicsConfigTemplate" />
	<keyword match="GraphicsConfiguration" />
	<keyword match="GraphicsDevice" />
	<keyword match="GraphicsEnvironment" />
	<keyword match="GrayFilter" />
	<keyword match="GregorianCalendar" />
	<keyword match="GridBagConstraints" />
	<keyword match="GridBagLayout" />
	<keyword match="GridLayout" />
	<keyword match="Group" />
	<keyword match="GSSContext" />
	<keyword match="GSSCredential" />
	<keyword match="GSSException" />
	<keyword match="GSSManager" />
	<keyword match="GSSName" />
	<keyword match="Guard" />
	<keyword match="GuardedObject" />
	<keyword match="GZIPInputStream" />
	<keyword match="GZIPOutputStream" />
	<keyword match="Handler" />
	<keyword match="HandlerBase" />
	<keyword match="HandshakeCompletedEvent" />
	<keyword match="HandshakeCompletedListener" />
	<keyword match="HasControls" />
	<keyword match="HashAttributeSet" />
	<keyword match="HashDocAttributeSet" />
	<keyword match="HashMap" />
	<keyword match="HashPrintJobAttributeSet" />
	<keyword match="HashPrintRequestAttributeSet" />
	<keyword match="HashPrintServiceAttributeSet" />
	<keyword match="HashSet" />
	<keyword match="Hashtable" />
	<keyword match="HeadlessException" />
	<keyword match="HierarchyBoundsAdapter" />
	<keyword match="HierarchyBoundsListener" />
	<keyword match="HierarchyEvent" />
	<keyword match="HierarchyListener" />
	<keyword match="Highlighter" />
	
	
	<keyword match="HostnameVerifier" />
	<keyword match="HTML" />
	
	
	
	<keyword match="HTMLDocument" />
	
	<keyword match="HTMLEditorKit" />
	
	
	
	
	
	
	<keyword match="HTMLFrameHyperlinkEvent" />
	<keyword match="HTMLWriter" />
	<keyword match="HttpsURLConnection" />
	<keyword match="HttpURLConnection" />
	<keyword match="HyperlinkEvent" />
	
	<keyword match="HyperlinkListener" />
	<keyword match="ICC_ColorSpace" />
	<keyword match="ICC_Profile" />
	<keyword match="ICC_ProfileGray" />
	<keyword match="ICC_ProfileRGB" />
	<keyword match="Icon" />
	<keyword match="IconUIResource" />
	<keyword match="IconView" />
	<keyword match="ID_ASSIGNMENT_POLICY_ID" />
	<keyword match="ID_UNIQUENESS_POLICY_ID" />
	<keyword match="IdAssignmentPolicy" />
	<keyword match="IdAssignmentPolicyOperations" />
	<keyword match="IdAssignmentPolicyValue" />
	<keyword match="IdentifierHelper" />
	<keyword match="Identity" />
	<keyword match="IdentityHashMap" />
	<keyword match="IdentityScope" />
	<keyword match="IDLEntity" />
	<keyword match="IDLType" />
	<keyword match="IDLTypeHelper" />
	<keyword match="IDLTypeOperations" />
	<keyword match="IdUniquenessPolicy" />
	<keyword match="IdUniquenessPolicyOperations" />
	<keyword match="IdUniquenessPolicyValue" />
	<keyword match="IIOByteBuffer" />
	<keyword match="IIOException" />
	<keyword match="IIOImage" />
	<keyword match="IIOInvalidTreeException" />
	<keyword match="IIOMetadata" />
	<keyword match="IIOMetadataController" />
	<keyword match="IIOMetadataFormat" />
	<keyword match="IIOMetadataFormatImpl" />
	<keyword match="IIOMetadataNode" />
	<keyword match="IIOParam" />
	<keyword match="IIOParamController" />
	<keyword match="IIOReadProgressListener" />
	<keyword match="IIOReadUpdateListener" />
	<keyword match="IIOReadWarningListener" />
	<keyword match="IIORegistry" />
	<keyword match="IIOServiceProvider" />
	<keyword match="IIOWriteProgressListener" />
	<keyword match="IIOWriteWarningListener" />
	<keyword match="IllegalAccessError" />
	<keyword match="IllegalAccessException" />
	<keyword match="IllegalArgumentException" />
	<keyword match="IllegalBlockingModeException" />
	<keyword match="IllegalBlockSizeException" />
	<keyword match="IllegalCharsetNameException" />
	<keyword match="IllegalComponentStateException" />
	<keyword match="IllegalMonitorStateException" />
	<keyword match="IllegalPathStateException" />
	<keyword match="IllegalSelectorException" />
	<keyword match="IllegalStateException" />
	<keyword match="IllegalThreadStateException" />
	<keyword match="Image" />
	<keyword match="ImageCapabilities" />
	<keyword match="ImageConsumer" />
	<keyword match="ImageFilter" />
	<keyword match="ImageGraphicAttribute" />
	<keyword match="ImageIcon" />
	<keyword match="ImageInputStream" />
	<keyword match="ImageInputStreamImpl" />
	<keyword match="ImageInputStreamSpi" />
	<keyword match="ImageIO" />
	<keyword match="ImageObserver" />
	<keyword match="ImageOutputStream" />
	<keyword match="ImageOutputStreamImpl" />
	<keyword match="ImageOutputStreamSpi" />
	<keyword match="ImageProducer" />
	<keyword match="ImageReader" />
	<keyword match="ImageReaderSpi" />
	<keyword match="ImageReaderWriterSpi" />
	<keyword match="ImageReadParam" />
	<keyword match="ImageTranscoder" />
	<keyword match="ImageTranscoderSpi" />
	<keyword match="ImageTypeSpecifier" />
	<keyword match="ImageView" />
	<keyword match="ImageWriteParam" />
	<keyword match="ImageWriter" />
	<keyword match="ImageWriterSpi" />
	<keyword match="ImagingOpException" />
	<keyword match="IMP_LIMIT" />
	<keyword match="IMPLICIT_ACTIVATION_POLICY_ID" />
	<keyword match="ImplicitActivationPolicy" />
	<keyword match="ImplicitActivationPolicyOperations" />
	<keyword match="ImplicitActivationPolicyValue" />
	<keyword match="IncompatibleClassChangeError" />
	<keyword match="InconsistentTypeCode" />
	<keyword match="InconsistentTypeCode" />
	<keyword match="InconsistentTypeCodeHelper" />
	<keyword match="IndexColorModel" />
	<keyword match="IndexedPropertyDescriptor" />
	<keyword match="IndexOutOfBoundsException" />
	<keyword match="IndirectionException" />
	<keyword match="Inet4Address" />
	<keyword match="Inet6Address" />
	<keyword match="InetAddress" />
	<keyword match="InetSocketAddress" />
	<keyword match="Inflater" />
	<keyword match="InflaterInputStream" />
	<keyword match="InheritableThreadLocal" />
	<keyword match="InitialContext" />
	<keyword match="InitialContextFactory" />
	<keyword match="InitialContextFactoryBuilder" />
	<keyword match="InitialDirContext" />
	<keyword match="INITIALIZE" />
	<keyword match="InitialLdapContext" />
	<keyword match="InlineView" />
	<keyword match="InputContext" />
	<keyword match="InputEvent" />
	<keyword match="InputMap" />
	<keyword match="InputMapUIResource" />
	<keyword match="InputMethod" />
	<keyword match="InputMethodContext" />
	<keyword match="InputMethodDescriptor" />
	<keyword match="InputMethodEvent" />
	<keyword match="InputMethodHighlight" />
	<keyword match="InputMethodListener" />
	<keyword match="InputMethodRequests" />
	<keyword match="InputSource" />
	<keyword match="InputStream" />
	<keyword match="InputStream" />
	<keyword match="InputStream" />
	<keyword match="InputStreamReader" />
	<keyword match="InputSubset" />
	<keyword match="InputVerifier" />
	<keyword match="Insets" />
	<keyword match="InsetsUIResource" />
	<keyword match="InstantiationError" />
	<keyword match="InstantiationException" />
	<keyword match="Instrument" />
	<keyword match="InsufficientResourcesException" />
	<keyword match="IntBuffer" />
	<keyword match="Integer" />
	<keyword match="IntegerSyntax" />
	<keyword match="Interceptor" />
	<keyword match="InterceptorOperations" />
	<keyword match="INTERNAL" />
	<keyword match="InternalError" />
	<keyword match="InternalFrameAdapter" />
	<keyword match="InternalFrameEvent" />
	<keyword match="InternalFrameFocusTraversalPolicy" />
	<keyword match="InternalFrameListener" />
	<keyword match="InternalFrameUI" />
	<keyword match="InternationalFormatter" />
	<keyword match="InterruptedException" />
	<keyword match="InterruptedIOException" />
	<keyword match="InterruptedNamingException" />
	<keyword match="InterruptibleChannel" />
	<keyword match="INTF_REPOS" />
	<keyword match="IntHolder" />
	<keyword match="IntrospectionException" />
	<keyword match="Introspector" />
	<keyword match="INV_FLAG" />
	<keyword match="INV_IDENT" />
	<keyword match="INV_OBJREF" />
	<keyword match="INV_POLICY" />
	<keyword match="Invalid" />
	<keyword match="INVALID_TRANSACTION" />
	<keyword match="InvalidAddress" />
	<keyword match="InvalidAddressHelper" />
	<keyword match="InvalidAddressHolder" />
	<keyword match="InvalidAlgorithmParameterException" />
	<keyword match="InvalidAttributeIdentifierException" />
	<keyword match="InvalidAttributesException" />
	<keyword match="InvalidAttributeValueException" />
	<keyword match="InvalidClassException" />
	<keyword match="InvalidDnDOperationException" />
	<keyword match="InvalidKeyException" />
	<keyword match="InvalidKeySpecException" />
	<keyword match="InvalidMarkException" />
	<keyword match="InvalidMidiDataException" />
	<keyword match="InvalidName" />
	<keyword match="InvalidName" />
	<keyword match="InvalidName" />
	<keyword match="InvalidNameException" />
	<keyword match="InvalidNameHelper" />
	<keyword match="InvalidNameHelper" />
	<keyword match="InvalidNameHolder" />
	<keyword match="InvalidObjectException" />
	<keyword match="InvalidParameterException" />
	<keyword match="InvalidParameterSpecException" />
	<keyword match="InvalidPolicy" />
	<keyword match="InvalidPolicyHelper" />
	<keyword match="InvalidPreferencesFormatException" />
	<keyword match="InvalidSearchControlsException" />
	<keyword match="InvalidSearchFilterException" />
	<keyword match="InvalidSeq" />
	<keyword match="InvalidSlot" />
	<keyword match="InvalidSlotHelper" />
	<keyword match="InvalidTransactionException" />
	<keyword match="InvalidTypeForEncoding" />
	<keyword match="InvalidTypeForEncodingHelper" />
	<keyword match="InvalidValue" />
	<keyword match="InvalidValue" />
	<keyword match="InvalidValueHelper" />
	<keyword match="InvocationEvent" />
	<keyword match="InvocationHandler" />
	<keyword match="InvocationTargetException" />
	<keyword match="InvokeHandler" />
	<keyword match="IOException" />
	<keyword match="IOR" />
	<keyword match="IORHelper" />
	<keyword match="IORHolder" />
	<keyword match="IORInfo" />
	<keyword match="IORInfoOperations" />
	<keyword match="IORInterceptor" />
	<keyword match="IORInterceptorOperations" />
	<keyword match="IRObject" />
	<keyword match="IRObjectOperations" />
	<keyword match="IstringHelper" />
	<keyword match="ItemEvent" />
	<keyword match="ItemListener" />
	<keyword match="ItemSelectable" />
	<keyword match="Iterator" />
	<keyword match="IvParameterSpec" />
	<keyword match="JApplet" />
	<keyword match="JarEntry" />
	<keyword match="JarException" />
	<keyword match="JarFile" />
	<keyword match="JarInputStream" />
	<keyword match="JarOutputStream" />
	<keyword match="JarURLConnection" />
	<keyword match="JButton" />
	<keyword match="JCheckBox" />
	<keyword match="JCheckBoxMenuItem" />
	<keyword match="JColorChooser" />
	<keyword match="JComboBox" />
	
	<keyword match="JComponent" />
	<keyword match="JDesktopPane" />
	<keyword match="JDialog" />
	<keyword match="JEditorPane" />
	<keyword match="JFileChooser" />
	<keyword match="JFormattedTextField" />
	
	
	<keyword match="JFrame" />
	<keyword match="JInternalFrame" />
	
	<keyword match="JLabel" />
	<keyword match="JLayeredPane" />
	<keyword match="JList" />
	<keyword match="JMenu" />
	<keyword match="JMenuBar" />
	<keyword match="JMenuItem" />
	<keyword match="JobAttributes" />
	
	
	
	
	
	<keyword match="JobHoldUntil" />
	<keyword match="JobImpressions" />
	<keyword match="JobImpressionsCompleted" />
	<keyword match="JobImpressionsSupported" />
	<keyword match="JobKOctets" />
	<keyword match="JobKOctetsProcessed" />
	<keyword match="JobKOctetsSupported" />
	<keyword match="JobMediaSheets" />
	<keyword match="JobMediaSheetsCompleted" />
	<keyword match="JobMediaSheetsSupported" />
	<keyword match="JobMessageFromOperator" />
	<keyword match="JobName" />
	<keyword match="JobOriginatingUserName" />
	<keyword match="JobPriority" />
	<keyword match="JobPrioritySupported" />
	<keyword match="JobSheets" />
	<keyword match="JobState" />
	<keyword match="JobStateReason" />
	<keyword match="JobStateReasons" />
	<keyword match="JOptionPane" />
	<keyword match="JPanel" />
	<keyword match="JPasswordField" />
	<keyword match="JPEGHuffmanTable" />
	<keyword match="JPEGImageReadParam" />
	<keyword match="JPEGImageWriteParam" />
	<keyword match="JPEGQTable" />
	<keyword match="JPopupMenu" />
	
	<keyword match="JProgressBar" />
	<keyword match="JRadioButton" />
	<keyword match="JRadioButtonMenuItem" />
	<keyword match="JRootPane" />
	<keyword match="JScrollBar" />
	<keyword match="JScrollPane" />
	<keyword match="JSeparator" />
	<keyword match="JSlider" />
	<keyword match="JSpinner" />
	
	
	
	
	<keyword match="JSplitPane" />
	<keyword match="JTabbedPane" />
	<keyword match="JTable" />
	<keyword match="JTableHeader" />
	<keyword match="JTextArea" />
	<keyword match="JTextComponent" />
	
	<keyword match="JTextField" />
	<keyword match="JTextPane" />
	<keyword match="JToggleButton" />
	
	<keyword match="JToolBar" />
	
	<keyword match="JToolTip" />
	<keyword match="JTree" />
	
	
	<keyword match="JViewport" />
	<keyword match="JWindow" />
	<keyword match="KerberosKey" />
	<keyword match="KerberosPrincipal" />
	<keyword match="KerberosTicket" />
	<keyword match="Kernel" />
	<keyword match="Key" />
	<keyword match="KeyAdapter" />
	<keyword match="KeyAgreement" />
	<keyword match="KeyAgreementSpi" />
	<keyword match="KeyboardFocusManager" />
	<keyword match="KeyEvent" />
	<keyword match="KeyEventDispatcher" />
	<keyword match="KeyEventPostProcessor" />
	<keyword match="KeyException" />
	<keyword match="KeyFactory" />
	<keyword match="KeyFactorySpi" />
	<keyword match="KeyGenerator" />
	<keyword match="KeyGeneratorSpi" />
	<keyword match="KeyListener" />
	<keyword match="KeyManagementException" />
	<keyword match="KeyManager" />
	<keyword match="KeyManagerFactory" />
	<keyword match="KeyManagerFactorySpi" />
	<keyword match="Keymap" />
	<keyword match="KeyPair" />
	<keyword match="KeyPairGenerator" />
	<keyword match="KeyPairGeneratorSpi" />
	<keyword match="KeySpec" />
	<keyword match="KeyStore" />
	<keyword match="KeyStoreException" />
	<keyword match="KeyStoreSpi" />
	<keyword match="KeyStroke" />
	<keyword match="Label" />
	<keyword match="LabelUI" />
	<keyword match="LabelView" />
	<keyword match="LanguageCallback" />
	<keyword match="LastOwnerException" />
	<keyword match="LayeredHighlighter" />
	
	<keyword match="LayoutFocusTraversalPolicy" />
	<keyword match="LayoutManager" />
	<keyword match="LayoutManager2" />
	<keyword match="LayoutQueue" />
	<keyword match="LDAPCertStoreParameters" />
	<keyword match="LdapContext" />
	<keyword match="LdapReferralException" />
	<keyword match="Lease" />
	<keyword match="Level" />
	<keyword match="LexicalHandler" />
	<keyword match="LIFESPAN_POLICY_ID" />
	<keyword match="LifespanPolicy" />
	<keyword match="LifespanPolicyOperations" />
	<keyword match="LifespanPolicyValue" />
	<keyword match="LimitExceededException" />
	<keyword match="Line" />
	
	<keyword match="Line2D" />
	
	
	<keyword match="LineBorder" />
	<keyword match="LineBreakMeasurer" />
	<keyword match="LineEvent" />
	
	<keyword match="LineListener" />
	<keyword match="LineMetrics" />
	<keyword match="LineNumberInputStream" />
	<keyword match="LineNumberReader" />
	<keyword match="LineUnavailableException" />
	<keyword match="LinkageError" />
	<keyword match="LinkedHashMap" />
	<keyword match="LinkedHashSet" />
	<keyword match="LinkedList" />
	<keyword match="LinkException" />
	<keyword match="LinkLoopException" />
	<keyword match="LinkRef" />
	<keyword match="List" />
	<keyword match="List" />
	<keyword match="ListCellRenderer" />
	<keyword match="ListDataEvent" />
	<keyword match="ListDataListener" />
	<keyword match="ListIterator" />
	<keyword match="ListModel" />
	<keyword match="ListResourceBundle" />
	<keyword match="ListSelectionEvent" />
	<keyword match="ListSelectionListener" />
	<keyword match="ListSelectionModel" />
	<keyword match="ListUI" />
	<keyword match="ListView" />
	<keyword match="LoaderHandler" />
	<keyword match="Locale" />
	<keyword match="LocalObject" />
	<keyword match="LocateRegistry" />
	<keyword match="LOCATION_FORWARD" />
	<keyword match="Locator" />
	<keyword match="LocatorImpl" />
	<keyword match="Logger" />
	<keyword match="LoggingPermission" />
	<keyword match="LoginContext" />
	<keyword match="LoginException" />
	<keyword match="LoginModule" />
	<keyword match="LogManager" />
	<keyword match="LogRecord" />
	<keyword match="LogStream" />
	<keyword match="Long" />
	<keyword match="LongBuffer" />
	<keyword match="LongHolder" />
	<keyword match="LongLongSeqHelper" />
	<keyword match="LongLongSeqHolder" />
	<keyword match="LongSeqHelper" />
	<keyword match="LongSeqHolder" />
	<keyword match="LookAndFeel" />
	<keyword match="LookupOp" />
	<keyword match="LookupTable" />
	<keyword match="Mac" />
	<keyword match="MacSpi" />
	<keyword match="MalformedInputException" />
	<keyword match="MalformedLinkException" />
	<keyword match="MalformedURLException" />
	<keyword match="ManagerFactoryParameters" />
	<keyword match="Manifest" />
	<keyword match="Map" />
	
	<keyword match="MappedByteBuffer" />
	<keyword match="MARSHAL" />
	<keyword match="MarshalException" />
	<keyword match="MarshalledObject" />
	<keyword match="MaskFormatter" />
	<keyword match="Matcher" />
	<keyword match="Math" />
	<keyword match="MatteBorder" />
	<keyword match="Media" />
	<keyword match="MediaName" />
	<keyword match="MediaPrintableArea" />
	<keyword match="MediaSize" />
	
	
	
	
	
	<keyword match="MediaSizeName" />
	<keyword match="MediaTracker" />
	<keyword match="MediaTray" />
	<keyword match="Member" />
	<keyword match="MemoryCacheImageInputStream" />
	<keyword match="MemoryCacheImageOutputStream" />
	<keyword match="MemoryHandler" />
	<keyword match="MemoryImageSource" />
	<keyword match="Menu" />
	<keyword match="MenuBar" />
	<keyword match="MenuBarUI" />
	<keyword match="MenuComponent" />
	<keyword match="MenuContainer" />
	<keyword match="MenuDragMouseEvent" />
	<keyword match="MenuDragMouseListener" />
	<keyword match="MenuElement" />
	<keyword match="MenuEvent" />
	<keyword match="MenuItem" />
	<keyword match="MenuItemUI" />
	<keyword match="MenuKeyEvent" />
	<keyword match="MenuKeyListener" />
	<keyword match="MenuListener" />
	<keyword match="MenuSelectionManager" />
	<keyword match="MenuShortcut" />
	<keyword match="MessageDigest" />
	<keyword match="MessageDigestSpi" />
	<keyword match="MessageFormat" />
	
	<keyword match="MessageProp" />
	<keyword match="MetaEventListener" />
	<keyword match="MetalBorders" />
	
	
	
	
	
	
	
	
	
	
	
	
	
	
	<keyword match="MetalButtonUI" />
	<keyword match="MetalCheckBoxIcon" />
	<keyword match="MetalCheckBoxUI" />
	<keyword match="MetalComboBoxButton" />
	<keyword match="MetalComboBoxEditor" />
	
	<keyword match="MetalComboBoxIcon" />
	<keyword match="MetalComboBoxUI" />
	<keyword match="MetalDesktopIconUI" />
	<keyword match="MetalFileChooserUI" />
	<keyword match="MetalIconFactory" />
	
	
	
	
	
	
	<keyword match="MetalInternalFrameTitlePane" />
	<keyword match="MetalInternalFrameUI" />
	<keyword match="MetalLabelUI" />
	<keyword match="MetalLookAndFeel" />
	<keyword match="MetalPopupMenuSeparatorUI" />
	<keyword match="MetalProgressBarUI" />
	<keyword match="MetalRadioButtonUI" />
	<keyword match="MetalRootPaneUI" />
	<keyword match="MetalScrollBarUI" />
	<keyword match="MetalScrollButton" />
	<keyword match="MetalScrollPaneUI" />
	<keyword match="MetalSeparatorUI" />
	<keyword match="MetalSliderUI" />
	<keyword match="MetalSplitPaneUI" />
	<keyword match="MetalTabbedPaneUI" />
	<keyword match="MetalTextFieldUI" />
	<keyword match="MetalTheme" />
	<keyword match="MetalToggleButtonUI" />
	<keyword match="MetalToolBarUI" />
	<keyword match="MetalToolTipUI" />
	<keyword match="MetalTreeUI" />
	<keyword match="MetaMessage" />
	<keyword match="Method" />
	<keyword match="MethodDescriptor" />
	<keyword match="MidiChannel" />
	<keyword match="MidiDevice" />
	
	<keyword match="MidiDeviceProvider" />
	<keyword match="MidiEvent" />
	<keyword match="MidiFileFormat" />
	<keyword match="MidiFileReader" />
	<keyword match="MidiFileWriter" />
	<keyword match="MidiMessage" />
	<keyword match="MidiSystem" />
	<keyword match="MidiUnavailableException" />
	<keyword match="MimeTypeParseException" />
	<keyword match="MinimalHTMLWriter" />
	<keyword match="MissingResourceException" />
	<keyword match="Mixer" />
	
	<keyword match="MixerProvider" />
	<keyword match="ModificationItem" />
	<keyword match="Modifier" />
	<keyword match="MouseAdapter" />
	<keyword match="MouseDragGestureRecognizer" />
	<keyword match="MouseEvent" />
	<keyword match="MouseInputAdapter" />
	<keyword match="MouseInputListener" />
	<keyword match="MouseListener" />
	<keyword match="MouseMotionAdapter" />
	<keyword match="MouseMotionListener" />
	<keyword match="MouseWheelEvent" />
	<keyword match="MouseWheelListener" />
	<keyword match="MultiButtonUI" />
	<keyword match="MulticastSocket" />
	<keyword match="MultiColorChooserUI" />
	<keyword match="MultiComboBoxUI" />
	<keyword match="MultiDesktopIconUI" />
	<keyword match="MultiDesktopPaneUI" />
	<keyword match="MultiDoc" />
	<keyword match="MultiDocPrintJob" />
	<keyword match="MultiDocPrintService" />
	<keyword match="MultiFileChooserUI" />
	<keyword match="MultiInternalFrameUI" />
	<keyword match="MultiLabelUI" />
	<keyword match="MultiListUI" />
	<keyword match="MultiLookAndFeel" />
	<keyword match="MultiMenuBarUI" />
	<keyword match="MultiMenuItemUI" />
	<keyword match="MultiOptionPaneUI" />
	<keyword match="MultiPanelUI" />
	<keyword match="MultiPixelPackedSampleModel" />
	<keyword match="MultipleComponentProfileHelper" />
	<keyword match="MultipleComponentProfileHolder" />
	<keyword match="MultipleDocumentHandling" />
	<keyword match="MultipleMaster" />
	<keyword match="MultiPopupMenuUI" />
	<keyword match="MultiProgressBarUI" />
	<keyword match="MultiRootPaneUI" />
	<keyword match="MultiScrollBarUI" />
	<keyword match="MultiScrollPaneUI" />
	<keyword match="MultiSeparatorUI" />
	<keyword match="MultiSliderUI" />
	<keyword match="MultiSpinnerUI" />
	<keyword match="MultiSplitPaneUI" />
	<keyword match="MultiTabbedPaneUI" />
	<keyword match="MultiTableHeaderUI" />
	<keyword match="MultiTableUI" />
	<keyword match="MultiTextUI" />
	<keyword match="MultiToolBarUI" />
	<keyword match="MultiToolTipUI" />
	<keyword match="MultiTreeUI" />
	<keyword match="MultiViewportUI" />
	<keyword match="MutableAttributeSet" />
	<keyword match="MutableComboBoxModel" />
	<keyword match="MutableTreeNode" />
	<keyword match="Name" />
	<keyword match="NameAlreadyBoundException" />
	<keyword match="NameCallback" />
	<keyword match="NameClassPair" />
	<keyword match="NameComponent" />
	<keyword match="NameComponentHelper" />
	<keyword match="NameComponentHolder" />
	<keyword match="NamedNodeMap" />
	<keyword match="NamedValue" />
	<keyword match="NameDynAnyPair" />
	<keyword match="NameDynAnyPairHelper" />
	<keyword match="NameDynAnyPairSeqHelper" />
	<keyword match="NameHelper" />
	<keyword match="NameHolder" />
	<keyword match="NameNotFoundException" />
	<keyword match="NameParser" />
	<keyword match="NamespaceChangeListener" />
	<keyword match="NamespaceSupport" />
	<keyword match="NameValuePair" />
	<keyword match="NameValuePair" />
	<keyword match="NameValuePairHelper" />
	<keyword match="NameValuePairHelper" />
	<keyword match="NameValuePairSeqHelper" />
	<keyword match="Naming" />
	<keyword match="NamingContext" />
	<keyword match="NamingContextExt" />
	<keyword match="NamingContextExtHelper" />
	<keyword match="NamingContextExtHolder" />
	<keyword match="NamingContextExtOperations" />
	<keyword match="NamingContextExtPOA" />
	<keyword match="NamingContextHelper" />
	<keyword match="NamingContextHolder" />
	<keyword match="NamingContextOperations" />
	<keyword match="NamingContextPOA" />
	<keyword match="NamingEnumeration" />
	<keyword match="NamingEvent" />
	<keyword match="NamingException" />
	<keyword match="NamingExceptionEvent" />
	<keyword match="NamingListener" />
	<keyword match="NamingManager" />
	<keyword match="NamingSecurityException" />
	<keyword match="NavigationFilter" />
	
	<keyword match="NegativeArraySizeException" />
	<keyword match="NetPermission" />
	<keyword match="NetworkInterface" />
	<keyword match="NO_IMPLEMENT" />
	<keyword match="NO_MEMORY" />
	<keyword match="NO_PERMISSION" />
	<keyword match="NO_RESOURCES" />
	<keyword match="NO_RESPONSE" />
	<keyword match="NoClassDefFoundError" />
	<keyword match="NoConnectionPendingException" />
	<keyword match="NoContext" />
	<keyword match="NoContextHelper" />
	<keyword match="Node" />
	<keyword match="NodeChangeEvent" />
	<keyword match="NodeChangeListener" />
	<keyword match="NodeList" />
	<keyword match="NoInitialContextException" />
	<keyword match="NoninvertibleTransformException" />
	<keyword match="NonReadableChannelException" />
	<keyword match="NonWritableChannelException" />
	<keyword match="NoPermissionException" />
	<keyword match="NoRouteToHostException" />
	<keyword match="NoServant" />
	<keyword match="NoServantHelper" />
	<keyword match="NoSuchAlgorithmException" />
	<keyword match="NoSuchAttributeException" />
	<keyword match="NoSuchElementException" />
	<keyword match="NoSuchFieldError" />
	<keyword match="NoSuchFieldException" />
	<keyword match="NoSuchMethodError" />
	<keyword match="NoSuchMethodException" />
	<keyword match="NoSuchObjectException" />
	<keyword match="NoSuchPaddingException" />
	<keyword match="NoSuchProviderException" />
	<keyword match="NotActiveException" />
	<keyword match="Notation" />
	<keyword match="NotBoundException" />
	<keyword match="NotContextException" />
	<keyword match="NotEmpty" />
	<keyword match="NotEmptyHelper" />
	<keyword match="NotEmptyHolder" />
	<keyword match="NotFound" />
	<keyword match="NotFoundHelper" />
	<keyword match="NotFoundHolder" />
	<keyword match="NotFoundReason" />
	<keyword match="NotFoundReasonHelper" />
	<keyword match="NotFoundReasonHolder" />
	<keyword match="NotOwnerException" />
	<keyword match="NotSerializableException" />
	<keyword match="NotYetBoundException" />
	<keyword match="NotYetConnectedException" />
	<keyword match="NullCipher" />
	<keyword match="NullPointerException" />
	<keyword match="Number" />
	<keyword match="NumberFormat" />
	
	<keyword match="NumberFormatException" />
	<keyword match="NumberFormatter" />
	<keyword match="NumberOfDocuments" />
	<keyword match="NumberOfInterveningJobs" />
	<keyword match="NumberUp" />
	<keyword match="NumberUpSupported" />
	<keyword match="NumericShaper" />
	<keyword match="NVList" />
	<keyword match="OBJ_ADAPTER" />
	<keyword match="Object" />
	<keyword match="OBJECT_NOT_EXIST" />
	<keyword match="ObjectAlreadyActive" />
	<keyword match="ObjectAlreadyActiveHelper" />
	<keyword match="ObjectChangeListener" />
	<keyword match="ObjectFactory" />
	<keyword match="ObjectFactoryBuilder" />
	<keyword match="ObjectHelper" />
	<keyword match="ObjectHolder" />
	<keyword match="ObjectIdHelper" />
	<keyword match="ObjectImpl" />
	<keyword match="ObjectImpl" />
	<keyword match="ObjectInput" />
	<keyword match="ObjectInputStream" />
	
	<keyword match="ObjectInputValidation" />
	<keyword match="ObjectNotActive" />
	<keyword match="ObjectNotActiveHelper" />
	<keyword match="ObjectOutput" />
	<keyword match="ObjectOutputStream" />
	
	<keyword match="ObjectStreamClass" />
	<keyword match="ObjectStreamConstants" />
	<keyword match="ObjectStreamException" />
	<keyword match="ObjectStreamField" />
	<keyword match="ObjectView" />
	<keyword match="ObjID" />
	<keyword match="Observable" />
	<keyword match="Observer" />
	<keyword match="OctetSeqHelper" />
	<keyword match="OctetSeqHolder" />
	<keyword match="Oid" />
	<keyword match="OMGVMCID" />
	<keyword match="OpenType" />
	<keyword match="Operation" />
	<keyword match="OperationNotSupportedException" />
	<keyword match="Option" />
	<keyword match="OptionalDataException" />
	<keyword match="OptionPaneUI" />
	<keyword match="ORB" />
	<keyword match="ORB" />
	<keyword match="ORBInitializer" />
	<keyword match="ORBInitializerOperations" />
	<keyword match="ORBInitInfo" />
	<keyword match="ORBInitInfoOperations" />
	<keyword match="OrientationRequested" />
	<keyword match="OutOfMemoryError" />
	<keyword match="OutputDeviceAssigned" />
	<keyword match="OutputKeys" />
	<keyword match="OutputStream" />
	<keyword match="OutputStream" />
	<keyword match="OutputStream" />
	<keyword match="OutputStreamWriter" />
	<keyword match="OverlappingFileLockException" />
	<keyword match="OverlayLayout" />
	<keyword match="Owner" />
	<keyword match="Package" />
	<keyword match="PackedColorModel" />
	<keyword match="Pageable" />
	<keyword match="PageAttributes" />
	
	
	
	
	
	<keyword match="PageFormat" />
	<keyword match="PageRanges" />
	<keyword match="PagesPerMinute" />
	<keyword match="PagesPerMinuteColor" />
	<keyword match="Paint" />
	<keyword match="PaintContext" />
	<keyword match="PaintEvent" />
	<keyword match="Panel" />
	<keyword match="PanelUI" />
	<keyword match="Paper" />
	<keyword match="ParagraphView" />
	<keyword match="ParagraphView" />
	<keyword match="Parameter" />
	<keyword match="ParameterBlock" />
	<keyword match="ParameterDescriptor" />
	<keyword match="ParameterMetaData" />
	<keyword match="ParameterMode" />
	<keyword match="ParameterModeHelper" />
	<keyword match="ParameterModeHolder" />
	<keyword match="ParseException" />
	<keyword match="ParsePosition" />
	<keyword match="Parser" />
	<keyword match="Parser" />
	<keyword match="ParserAdapter" />
	<keyword match="ParserConfigurationException" />
	<keyword match="ParserDelegator" />
	<keyword match="ParserFactory" />
	<keyword match="PartialResultException" />
	<keyword match="PasswordAuthentication" />
	<keyword match="PasswordCallback" />
	<keyword match="PasswordView" />
	<keyword match="Patch" />
	<keyword match="PathIterator" />
	<keyword match="Pattern" />
	<keyword match="PatternSyntaxException" />
	<keyword match="PBEKey" />
	<keyword match="PBEKeySpec" />
	<keyword match="PBEParameterSpec" />
	<keyword match="PDLOverrideSupported" />
	<keyword match="Permission" />
	<keyword match="Permission" />
	<keyword match="PermissionCollection" />
	<keyword match="Permissions" />
	<keyword match="PERSIST_STORE" />
	<keyword match="PersistenceDelegate" />
	<keyword match="PhantomReference" />
	<keyword match="Pipe" />
	
	
	<keyword match="PipedInputStream" />
	<keyword match="PipedOutputStream" />
	<keyword match="PipedReader" />
	<keyword match="PipedWriter" />
	<keyword match="PixelGrabber" />
	<keyword match="PixelInterleavedSampleModel" />
	<keyword match="PKCS8EncodedKeySpec" />
	<keyword match="PKIXBuilderParameters" />
	<keyword match="PKIXCertPathBuilderResult" />
	<keyword match="PKIXCertPathChecker" />
	<keyword match="PKIXCertPathValidatorResult" />
	<keyword match="PKIXParameters" />
	<keyword match="PlainDocument" />
	<keyword match="PlainView" />
	<keyword match="POA" />
	<keyword match="POAHelper" />
	<keyword match="POAManager" />
	<keyword match="POAManagerOperations" />
	<keyword match="POAOperations" />
	<keyword match="Point" />
	<keyword match="Point2D" />
	
	
	<keyword match="Policy" />
	<keyword match="Policy" />
	<keyword match="Policy" />
	<keyword match="PolicyError" />
	<keyword match="PolicyErrorCodeHelper" />
	<keyword match="PolicyErrorHelper" />
	<keyword match="PolicyErrorHolder" />
	<keyword match="PolicyFactory" />
	<keyword match="PolicyFactoryOperations" />
	<keyword match="PolicyHelper" />
	<keyword match="PolicyHolder" />
	<keyword match="PolicyListHelper" />
	<keyword match="PolicyListHolder" />
	<keyword match="PolicyNode" />
	<keyword match="PolicyOperations" />
	<keyword match="PolicyQualifierInfo" />
	<keyword match="PolicyTypeHelper" />
	<keyword match="Polygon" />
	<keyword match="PooledConnection" />
	<keyword match="Popup" />
	<keyword match="PopupFactory" />
	<keyword match="PopupMenu" />
	<keyword match="PopupMenuEvent" />
	<keyword match="PopupMenuListener" />
	<keyword match="PopupMenuUI" />
	<keyword match="Port" />
	
	<keyword match="PortableRemoteObject" />
	<keyword match="PortableRemoteObjectDelegate" />
	<keyword match="PortUnreachableException" />
	<keyword match="Position" />
	
	<keyword match="PreferenceChangeEvent" />
	<keyword match="PreferenceChangeListener" />
	<keyword match="Preferences" />
	<keyword match="PreferencesFactory" />
	<keyword match="PreparedStatement" />
	<keyword match="PresentationDirection" />
	<keyword match="Principal" />
	<keyword match="Principal" />
	<keyword match="PrincipalHolder" />
	<keyword match="Printable" />
	<keyword match="PrinterAbortException" />
	<keyword match="PrinterException" />
	<keyword match="PrinterGraphics" />
	<keyword match="PrinterInfo" />
	<keyword match="PrinterIOException" />
	<keyword match="PrinterIsAcceptingJobs" />
	<keyword match="PrinterJob" />
	<keyword match="PrinterLocation" />
	<keyword match="PrinterMakeAndModel" />
	<keyword match="PrinterMessageFromOperator" />
	<keyword match="PrinterMoreInfo" />
	<keyword match="PrinterMoreInfoManufacturer" />
	<keyword match="PrinterName" />
	<keyword match="PrinterResolution" />
	<keyword match="PrinterState" />
	<keyword match="PrinterStateReason" />
	<keyword match="PrinterStateReasons" />
	<keyword match="PrinterURI" />
	<keyword match="PrintEvent" />
	<keyword match="PrintException" />
	<keyword match="PrintGraphics" />
	<keyword match="PrintJob" />
	<keyword match="PrintJobAdapter" />
	<keyword match="PrintJobAttribute" />
	<keyword match="PrintJobAttributeEvent" />
	<keyword match="PrintJobAttributeListener" />
	<keyword match="PrintJobAttributeSet" />
	<keyword match="PrintJobEvent" />
	<keyword match="PrintJobListener" />
	<keyword match="PrintQuality" />
	<keyword match="PrintRequestAttribute" />
	<keyword match="PrintRequestAttributeSet" />
	<keyword match="PrintService" />
	<keyword match="PrintServiceAttribute" />
	<keyword match="PrintServiceAttributeEvent" />
	<keyword match="PrintServiceAttributeListener" />
	<keyword match="PrintServiceAttributeSet" />
	<keyword match="PrintServiceLookup" />
	<keyword match="PrintStream" />
	<keyword match="PrintWriter" />
	<keyword match="PRIVATE_MEMBER" />
	<keyword match="PrivateCredentialPermission" />
	<keyword match="PrivateKey" />
	<keyword match="PrivilegedAction" />
	<keyword match="PrivilegedActionException" />
	<keyword match="PrivilegedExceptionAction" />
	<keyword match="Process" />
	<keyword match="ProcessingInstruction" />
	<keyword match="ProfileDataException" />
	<keyword match="ProfileIdHelper" />
	<keyword match="ProgressBarUI" />
	<keyword match="ProgressMonitor" />
	<keyword match="ProgressMonitorInputStream" />
	<keyword match="Properties" />
	<keyword match="PropertyChangeEvent" />
	<keyword match="PropertyChangeListener" />
	<keyword match="PropertyChangeListenerProxy" />
	<keyword match="PropertyChangeSupport" />
	<keyword match="PropertyDescriptor" />
	<keyword match="PropertyEditor" />
	<keyword match="PropertyEditorManager" />
	<keyword match="PropertyEditorSupport" />
	<keyword match="PropertyPermission" />
	<keyword match="PropertyResourceBundle" />
	<keyword match="PropertyVetoException" />
	<keyword match="ProtectionDomain" />
	<keyword match="ProtocolException" />
	<keyword match="Provider" />
	<keyword match="ProviderException" />
	<keyword match="Proxy" />
	<keyword match="PSSParameterSpec" />
	<keyword match="PUBLIC_MEMBER" />
	<keyword match="PublicKey" />
	<keyword match="PushbackInputStream" />
	<keyword match="PushbackReader" />
	<keyword match="QuadCurve2D" />
	
	
	<keyword match="QueuedJobCount" />
	<keyword match="Random" />
	<keyword match="RandomAccess" />
	<keyword match="RandomAccessFile" />
	<keyword match="Raster" />
	<keyword match="RasterFormatException" />
	<keyword match="RasterOp" />
	<keyword match="RC2ParameterSpec" />
	<keyword match="RC5ParameterSpec" />
	<keyword match="ReadableByteChannel" />
	<keyword match="Reader" />
	<keyword match="ReadOnlyBufferException" />
	<keyword match="Receiver" />
	<keyword match="Rectangle" />
	<keyword match="Rectangle2D" />
	
	
	<keyword match="RectangularShape" />
	<keyword match="Ref" />
	<keyword match="RefAddr" />
	<keyword match="Reference" />
	<keyword match="Reference" />
	<keyword match="Referenceable" />
	<keyword match="ReferenceQueue" />
	<keyword match="ReferenceUriSchemesSupported" />
	<keyword match="ReferralException" />
	<keyword match="ReflectPermission" />
	<keyword match="Refreshable" />
	<keyword match="RefreshFailedException" />
	<keyword match="RegisterableService" />
	<keyword match="Registry" />
	<keyword match="RegistryHandler" />
	<keyword match="RemarshalException" />
	<keyword match="Remote" />
	<keyword match="RemoteCall" />
	<keyword match="RemoteException" />
	<keyword match="RemoteObject" />
	<keyword match="RemoteRef" />
	<keyword match="RemoteServer" />
	<keyword match="RemoteStub" />
	<keyword match="RenderableImage" />
	<keyword match="RenderableImageOp" />
	<keyword match="RenderableImageProducer" />
	<keyword match="RenderContext" />
	<keyword match="RenderedImage" />
	<keyword match="RenderedImageFactory" />
	<keyword match="Renderer" />
	<keyword match="RenderingHints" />
	
	<keyword match="RepaintManager" />
	<keyword match="ReplicateScaleFilter" />
	<keyword match="RepositoryIdHelper" />
	<keyword match="Request" />
	<keyword match="REQUEST_PROCESSING_POLICY_ID" />
	<keyword match="RequestInfo" />
	<keyword match="RequestInfoOperations" />
	<keyword match="RequestingUserName" />
	<keyword match="RequestProcessingPolicy" />
	<keyword match="RequestProcessingPolicyOperations" />
	<keyword match="RequestProcessingPolicyValue" />
	<keyword match="RescaleOp" />
	<keyword match="ResolutionSyntax" />
	<keyword match="Resolver" />
	<keyword match="ResolveResult" />
	<keyword match="ResourceBundle" />
	<keyword match="ResponseHandler" />
	<keyword match="Result" />
	<keyword match="ResultSet" />
	<keyword match="ResultSetMetaData" />
	<keyword match="ReverbType" />
	<keyword match="RGBImageFilter" />
	<keyword match="RMIClassLoader" />
	<keyword match="RMIClassLoaderSpi" />
	<keyword match="RMIClientSocketFactory" />
	<keyword match="RMIFailureHandler" />
	<keyword match="RMISecurityException" />
	<keyword match="RMISecurityManager" />
	<keyword match="RMIServerSocketFactory" />
	<keyword match="RMISocketFactory" />
	<keyword match="Robot" />
	<keyword match="RootPaneContainer" />
	<keyword match="RootPaneUI" />
	<keyword match="RoundRectangle2D" />
	
	
	<keyword match="RowMapper" />
	<keyword match="RowSet" />
	<keyword match="RowSetEvent" />
	<keyword match="RowSetInternal" />
	<keyword match="RowSetListener" />
	<keyword match="RowSetMetaData" />
	<keyword match="RowSetReader" />
	<keyword match="RowSetWriter" />
	<keyword match="RSAKey" />
	<keyword match="RSAKeyGenParameterSpec" />
	<keyword match="RSAMultiPrimePrivateCrtKey" />
	<keyword match="RSAMultiPrimePrivateCrtKeySpec" />
	<keyword match="RSAOtherPrimeInfo" />
	<keyword match="RSAPrivateCrtKey" />
	<keyword match="RSAPrivateCrtKeySpec" />
	<keyword match="RSAPrivateKey" />
	<keyword match="RSAPrivateKeySpec" />
	<keyword match="RSAPublicKey" />
	<keyword match="RSAPublicKeySpec" />
	<keyword match="RTFEditorKit" />
	<keyword match="RuleBasedCollator" />
	<keyword match="Runnable" />
	<keyword match="Runtime" />
	<keyword match="RunTime" />
	<keyword match="RuntimeException" />
	<keyword match="RunTimeOperations" />
	<keyword match="RuntimePermission" />
	<keyword match="SampleModel" />
	<keyword match="Savepoint" />
	<keyword match="SAXException" />
	<keyword match="SAXNotRecognizedException" />
	<keyword match="SAXNotSupportedException" />
	<keyword match="SAXParseException" />
	<keyword match="SAXParser" />
	<keyword match="SAXParserFactory" />
	<keyword match="SAXResult" />
	<keyword match="SAXSource" />
	<keyword match="SAXTransformerFactory" />
	<keyword match="ScatteringByteChannel" />
	<keyword match="SchemaViolationException" />
	<keyword match="Scrollable" />
	<keyword match="Scrollbar" />
	<keyword match="ScrollBarUI" />
	<keyword match="ScrollPane" />
	<keyword match="ScrollPaneAdjustable" />
	<keyword match="ScrollPaneConstants" />
	<keyword match="ScrollPaneLayout" />
	
	<keyword match="ScrollPaneUI" />
	<keyword match="SealedObject" />
	<keyword match="SearchControls" />
	<keyword match="SearchResult" />
	<keyword match="SecretKey" />
	<keyword match="SecretKeyFactory" />
	<keyword match="SecretKeyFactorySpi" />
	<keyword match="SecretKeySpec" />
	<keyword match="SecureClassLoader" />
	<keyword match="SecureRandom" />
	<keyword match="SecureRandomSpi" />
	<keyword match="Security" />
	<keyword match="SecurityException" />
	<keyword match="SecurityManager" />
	<keyword match="SecurityPermission" />
	<keyword match="Segment" />
	<keyword match="SelectableChannel" />
	<keyword match="SelectionKey" />
	<keyword match="Selector" />
	<keyword match="SelectorProvider" />
	<keyword match="SeparatorUI" />
	<keyword match="Sequence" />
	<keyword match="SequenceInputStream" />
	<keyword match="Sequencer" />
	
	<keyword match="Serializable" />
	<keyword match="SerializablePermission" />
	<keyword match="Servant" />
	<keyword match="SERVANT_RETENTION_POLICY_ID" />
	<keyword match="ServantActivator" />
	<keyword match="ServantActivatorHelper" />
	<keyword match="ServantActivatorOperations" />
	<keyword match="ServantActivatorPOA" />
	<keyword match="ServantAlreadyActive" />
	<keyword match="ServantAlreadyActiveHelper" />
	<keyword match="ServantLocator" />
	<keyword match="ServantLocatorHelper" />
	<keyword match="ServantLocatorOperations" />
	<keyword match="ServantLocatorPOA" />
	<keyword match="ServantManager" />
	<keyword match="ServantManagerOperations" />
	<keyword match="ServantNotActive" />
	<keyword match="ServantNotActiveHelper" />
	<keyword match="ServantObject" />
	<keyword match="ServantRetentionPolicy" />
	<keyword match="ServantRetentionPolicyOperations" />
	<keyword match="ServantRetentionPolicyValue" />
	<keyword match="ServerCloneException" />
	<keyword match="ServerError" />
	<keyword match="ServerException" />
	<keyword match="ServerNotActiveException" />
	<keyword match="ServerRef" />
	<keyword match="ServerRequest" />
	<keyword match="ServerRequestInfo" />
	<keyword match="ServerRequestInfoOperations" />
	<keyword match="ServerRequestInterceptor" />
	<keyword match="ServerRequestInterceptorOperations" />
	<keyword match="ServerRuntimeException" />
	<keyword match="ServerSocket" />
	<keyword match="ServerSocketChannel" />
	<keyword match="ServerSocketFactory" />
	<keyword match="ServiceContext" />
	<keyword match="ServiceContextHelper" />
	<keyword match="ServiceContextHolder" />
	<keyword match="ServiceContextListHelper" />
	<keyword match="ServiceContextListHolder" />
	<keyword match="ServiceDetail" />
	<keyword match="ServiceDetailHelper" />
	<keyword match="ServiceIdHelper" />
	<keyword match="ServiceInformation" />
	<keyword match="ServiceInformationHelper" />
	<keyword match="ServiceInformationHolder" />
	<keyword match="ServicePermission" />
	<keyword match="ServiceRegistry" />
	
	<keyword match="ServiceUI" />
	<keyword match="ServiceUIFactory" />
	<keyword match="ServiceUnavailableException" />
	<keyword match="Set" />
	<keyword match="SetOfIntegerSyntax" />
	<keyword match="SetOverrideType" />
	<keyword match="SetOverrideTypeHelper" />
	<keyword match="Severity" />
	<keyword match="Shape" />
	<keyword match="ShapeGraphicAttribute" />
	<keyword match="SheetCollate" />
	<keyword match="Short" />
	<keyword match="ShortBuffer" />
	<keyword match="ShortBufferException" />
	<keyword match="ShortHolder" />
	<keyword match="ShortLookupTable" />
	<keyword match="ShortMessage" />
	<keyword match="ShortSeqHelper" />
	<keyword match="ShortSeqHolder" />
	<keyword match="Sides" />
	<keyword match="Signature" />
	<keyword match="SignatureException" />
	<keyword match="SignatureSpi" />
	<keyword match="SignedObject" />
	<keyword match="Signer" />
	<keyword match="SimpleAttributeSet" />
	<keyword match="SimpleBeanInfo" />
	<keyword match="SimpleDateFormat" />
	<keyword match="SimpleDoc" />
	<keyword match="SimpleFormatter" />
	<keyword match="SimpleTimeZone" />
	<keyword match="SinglePixelPackedSampleModel" />
	<keyword match="SingleSelectionModel" />
	<keyword match="Size2DSyntax" />
	<keyword match="SizeLimitExceededException" />
	<keyword match="SizeRequirements" />
	<keyword match="SizeSequence" />
	<keyword match="Skeleton" />
	<keyword match="SkeletonMismatchException" />
	<keyword match="SkeletonNotFoundException" />
	<keyword match="SliderUI" />
	<keyword match="Socket" />
	<keyword match="SocketAddress" />
	<keyword match="SocketChannel" />
	<keyword match="SocketException" />
	<keyword match="SocketFactory" />
	<keyword match="SocketHandler" />
	<keyword match="SocketImpl" />
	<keyword match="SocketImplFactory" />
	<keyword match="SocketOptions" />
	<keyword match="SocketPermission" />
	<keyword match="SocketSecurityException" />
	<keyword match="SocketTimeoutException" />
	<keyword match="SoftBevelBorder" />
	<keyword match="SoftReference" />
	<keyword match="SortedMap" />
	<keyword match="SortedSet" />
	<keyword match="SortingFocusTraversalPolicy" />
	<keyword match="Soundbank" />
	<keyword match="SoundbankReader" />
	<keyword match="SoundbankResource" />
	<keyword match="Source" />
	<keyword match="SourceDataLine" />
	<keyword match="SourceLocator" />
	<keyword match="SpinnerDateModel" />
	<keyword match="SpinnerListModel" />
	<keyword match="SpinnerModel" />
	<keyword match="SpinnerNumberModel" />
	<keyword match="SpinnerUI" />
	<keyword match="SplitPaneUI" />
	<keyword match="Spring" />
	<keyword match="SpringLayout" />
	
	<keyword match="SQLData" />
	<keyword match="SQLException" />
	<keyword match="SQLInput" />
	<keyword match="SQLOutput" />
	<keyword match="SQLPermission" />
	<keyword match="SQLWarning" />
	<keyword match="SSLContext" />
	<keyword match="SSLContextSpi" />
	<keyword match="SSLException" />
	<keyword match="SSLHandshakeException" />
	<keyword match="SSLKeyException" />
	<keyword match="SSLPeerUnverifiedException" />
	<keyword match="SSLPermission" />
	<keyword match="SSLProtocolException" />
	<keyword match="SSLServerSocket" />
	<keyword match="SSLServerSocketFactory" />
	<keyword match="SSLSession" />
	<keyword match="SSLSessionBindingEvent" />
	<keyword match="SSLSessionBindingListener" />
	<keyword match="SSLSessionContext" />
	<keyword match="SSLSocket" />
	<keyword match="SSLSocketFactory" />
	<keyword match="Stack" />
	<keyword match="StackOverflowError" />
	<keyword match="StackTraceElement" />
	<keyword match="StartTlsRequest" />
	<keyword match="StartTlsResponse" />
	<keyword match="State" />
	<keyword match="StateEdit" />
	<keyword match="StateEditable" />
	<keyword match="StateFactory" />
	<keyword match="Statement" />
	<keyword match="Statement" />
	<keyword match="Streamable" />
	<keyword match="StreamableValue" />
	<keyword match="StreamCorruptedException" />
	<keyword match="StreamHandler" />
	<keyword match="StreamPrintService" />
	<keyword match="StreamPrintServiceFactory" />
	<keyword match="StreamResult" />
	<keyword match="StreamSource" />
	<keyword match="StreamTokenizer" />
	<keyword match="StrictMath" />
	<keyword match="String" />
	<keyword match="StringBuffer" />
	<keyword match="StringBufferInputStream" />
	<keyword match="StringCharacterIterator" />
	<keyword match="StringContent" />
	<keyword match="StringHolder" />
	<keyword match="StringIndexOutOfBoundsException" />
	<keyword match="StringNameHelper" />
	<keyword match="StringReader" />
	<keyword match="StringRefAddr" />
	<keyword match="StringSelection" />
	<keyword match="StringSeqHelper" />
	<keyword match="StringSeqHolder" />
	<keyword match="StringTokenizer" />
	<keyword match="StringValueHelper" />
	<keyword match="StringWriter" />
	<keyword match="Stroke" />
	<keyword match="Struct" />
	<keyword match="StructMember" />
	<keyword match="StructMemberHelper" />
	<keyword match="Stub" />
	<keyword match="StubDelegate" />
	<keyword match="StubNotFoundException" />
	<keyword match="Style" />
	<keyword match="StyleConstants" />
	
	
	
	
	<keyword match="StyleContext" />
	<keyword match="StyledDocument" />
	<keyword match="StyledEditorKit" />
	
	
	
	
	
	
	
	
	<keyword match="StyleSheet" />
	
	
	<keyword match="Subject" />
	<keyword match="SubjectDomainCombiner" />
	<keyword match="SUCCESSFUL" />
	<keyword match="SupportedValuesAttribute" />
	<keyword match="SwingConstants" />
	<keyword match="SwingPropertyChangeSupport" />
	<keyword match="SwingUtilities" />
	<keyword match="SYNC_WITH_TRANSPORT" />
	<keyword match="SyncFailedException" />
	<keyword match="SyncScopeHelper" />
	<keyword match="Synthesizer" />
	<keyword match="SysexMessage" />
	<keyword match="System" />
	<keyword match="SYSTEM_EXCEPTION" />
	<keyword match="SystemColor" />
	<keyword match="SystemException" />
	<keyword match="SystemFlavorMap" />
	<keyword match="TabableView" />
	<keyword match="TabbedPaneUI" />
	<keyword match="TabExpander" />
	<keyword match="TableCellEditor" />
	<keyword match="TableCellRenderer" />
	<keyword match="TableColumn" />
	<keyword match="TableColumnModel" />
	<keyword match="TableColumnModelEvent" />
	<keyword match="TableColumnModelListener" />
	<keyword match="TableHeaderUI" />
	<keyword match="TableModel" />
	<keyword match="TableModelEvent" />
	<keyword match="TableModelListener" />
	<keyword match="TableUI" />
	<keyword match="TableView" />
	<keyword match="TabSet" />
	<keyword match="TabStop" />
	<keyword match="TAG_ALTERNATE_IIOP_ADDRESS" />
	<keyword match="TAG_CODE_SETS" />
	<keyword match="TAG_INTERNET_IOP" />
	<keyword match="TAG_JAVA_CODEBASE" />
	<keyword match="TAG_MULTIPLE_COMPONENTS" />
	<keyword match="TAG_ORB_TYPE" />
	<keyword match="TAG_POLICIES" />
	<keyword match="TagElement" />
	<keyword match="TaggedComponent" />
	<keyword match="TaggedComponentHelper" />
	<keyword match="TaggedComponentHolder" />
	<keyword match="TaggedProfile" />
	<keyword match="TaggedProfileHelper" />
	<keyword match="TaggedProfileHolder" />
	<keyword match="TargetDataLine" />
	<keyword match="TCKind" />
	<keyword match="Templates" />
	<keyword match="TemplatesHandler" />
	<keyword match="Text" />
	<keyword match="TextAction" />
	<keyword match="TextArea" />
	<keyword match="TextAttribute" />
	<keyword match="TextComponent" />
	<keyword match="TextEvent" />
	<keyword match="TextField" />
	<keyword match="TextHitInfo" />
	<keyword match="TextInputCallback" />
	<keyword match="TextLayout" />
	
	<keyword match="TextListener" />
	<keyword match="TextMeasurer" />
	<keyword match="TextOutputCallback" />
	<keyword match="TextSyntax" />
	<keyword match="TextUI" />
	<keyword match="TexturePaint" />
	<keyword match="Thread" />
	<keyword match="THREAD_POLICY_ID" />
	<keyword match="ThreadDeath" />
	<keyword match="ThreadGroup" />
	<keyword match="ThreadLocal" />
	<keyword match="ThreadPolicy" />
	<keyword match="ThreadPolicyOperations" />
	<keyword match="ThreadPolicyValue" />
	<keyword match="Throwable" />
	<keyword match="Tie" />
	<keyword match="TileObserver" />
	<keyword match="Time" />
	<keyword match="TimeLimitExceededException" />
	<keyword match="Timer" />
	<keyword match="Timer" />
	<keyword match="TimerTask" />
	<keyword match="Timestamp" />
	<keyword match="TimeZone" />
	<keyword match="TitledBorder" />
	<keyword match="ToolBarUI" />
	<keyword match="Toolkit" />
	<keyword match="ToolTipManager" />
	<keyword match="ToolTipUI" />
	<keyword match="TooManyListenersException" />
	<keyword match="Track" />
	<keyword match="TRANSACTION_REQUIRED" />
	<keyword match="TRANSACTION_ROLLEDBACK" />
	<keyword match="TransactionRequiredException" />
	<keyword match="TransactionRolledbackException" />
	<keyword match="TransactionService" />
	<keyword match="Transferable" />
	<keyword match="TransferHandler" />
	<keyword match="TransformAttribute" />
	<keyword match="Transformer" />
	<keyword match="TransformerConfigurationException" />
	<keyword match="TransformerException" />
	<keyword match="TransformerFactory" />
	<keyword match="TransformerFactoryConfigurationError" />
	<keyword match="TransformerHandler" />
	<keyword match="TRANSIENT" />
	<keyword match="Transmitter" />
	<keyword match="Transparency" />
	<keyword match="TRANSPORT_RETRY" />
	<keyword match="TreeCellEditor" />
	<keyword match="TreeCellRenderer" />
	<keyword match="TreeExpansionEvent" />
	<keyword match="TreeExpansionListener" />
	<keyword match="TreeMap" />
	<keyword match="TreeModel" />
	<keyword match="TreeModelEvent" />
	<keyword match="TreeModelListener" />
	<keyword match="TreeNode" />
	<keyword match="TreePath" />
	<keyword match="TreeSelectionEvent" />
	<keyword match="TreeSelectionListener" />
	<keyword match="TreeSelectionModel" />
	<keyword match="TreeSet" />
	<keyword match="TreeUI" />
	<keyword match="TreeWillExpandListener" />
	<keyword match="TrustAnchor" />
	<keyword match="TrustManager" />
	<keyword match="TrustManagerFactory" />
	<keyword match="TrustManagerFactorySpi" />
	<keyword match="TypeCode" />
	<keyword match="TypeCodeHolder" />
	<keyword match="TypeMismatch" />
	<keyword match="TypeMismatch" />
	<keyword match="TypeMismatch" />
	<keyword match="TypeMismatchHelper" />
	<keyword match="TypeMismatchHelper" />
	<keyword match="Types" />
	<keyword match="UID" />
	<keyword match="UIDefaults" />
	
	
	
	
	<keyword match="UIManager" />
	
	<keyword match="UIResource" />
	<keyword match="ULongLongSeqHelper" />
	<keyword match="ULongLongSeqHolder" />
	<keyword match="ULongSeqHelper" />
	<keyword match="ULongSeqHolder" />
	<keyword match="UndeclaredThrowableException" />
	<keyword match="UndoableEdit" />
	<keyword match="UndoableEditEvent" />
	<keyword match="UndoableEditListener" />
	<keyword match="UndoableEditSupport" />
	<keyword match="UndoManager" />
	<keyword match="UnexpectedException" />
	<keyword match="UnicastRemoteObject" />
	<keyword match="UnionMember" />
	<keyword match="UnionMemberHelper" />
	<keyword match="UNKNOWN" />
	<keyword match="UnknownEncoding" />
	<keyword match="UnknownEncodingHelper" />
	<keyword match="UnknownError" />
	<keyword match="UnknownException" />
	<keyword match="UnknownGroupException" />
	<keyword match="UnknownHostException" />
	<keyword match="UnknownHostException" />
	<keyword match="UnknownObjectException" />
	<keyword match="UnknownServiceException" />
	<keyword match="UnknownUserException" />
	<keyword match="UnknownUserExceptionHelper" />
	<keyword match="UnknownUserExceptionHolder" />
	<keyword match="UnmappableCharacterException" />
	<keyword match="UnmarshalException" />
	<keyword match="UnmodifiableSetException" />
	<keyword match="UnrecoverableKeyException" />
	<keyword match="Unreferenced" />
	<keyword match="UnresolvedAddressException" />
	<keyword match="UnresolvedPermission" />
	<keyword match="UnsatisfiedLinkError" />
	<keyword match="UnsolicitedNotification" />
	<keyword match="UnsolicitedNotificationEvent" />
	<keyword match="UnsolicitedNotificationListener" />
	<keyword match="UNSUPPORTED_POLICY" />
	<keyword match="UNSUPPORTED_POLICY_VALUE" />
	<keyword match="UnsupportedAddressTypeException" />
	<keyword match="UnsupportedAudioFileException" />
	<keyword match="UnsupportedCallbackException" />
	<keyword match="UnsupportedCharsetException" />
	<keyword match="UnsupportedClassVersionError" />
	<keyword match="UnsupportedEncodingException" />
	<keyword match="UnsupportedFlavorException" />
	<keyword match="UnsupportedLookAndFeelException" />
	<keyword match="UnsupportedOperationException" />
	<keyword match="URI" />
	<keyword match="URIException" />
	<keyword match="URIResolver" />
	<keyword match="URISyntax" />
	<keyword match="URISyntaxException" />
	<keyword match="URL" />
	<keyword match="URLClassLoader" />
	<keyword match="URLConnection" />
	<keyword match="URLDecoder" />
	<keyword match="URLEncoder" />
	<keyword match="URLStreamHandler" />
	<keyword match="URLStreamHandlerFactory" />
	<keyword match="URLStringHelper" />
	<keyword match="USER_EXCEPTION" />
	<keyword match="UserException" />
	<keyword match="UShortSeqHelper" />
	<keyword match="UShortSeqHolder" />
	<keyword match="UTFDataFormatException" />
	<keyword match="Util" />
	<keyword match="UtilDelegate" />
	<keyword match="Utilities" />
	<keyword match="ValueBase" />
	<keyword match="ValueBaseHelper" />
	<keyword match="ValueBaseHolder" />
	<keyword match="ValueFactory" />
	<keyword match="ValueHandler" />
	<keyword match="ValueMember" />
	<keyword match="ValueMemberHelper" />
	<keyword match="VariableHeightLayoutCache" />
	<keyword match="Vector" />
	<keyword match="VerifyError" />
	<keyword match="VersionSpecHelper" />
	<keyword match="VetoableChangeListener" />
	<keyword match="VetoableChangeListenerProxy" />
	<keyword match="VetoableChangeSupport" />
	<keyword match="View" />
	<keyword match="ViewFactory" />
	<keyword match="ViewportLayout" />
	<keyword match="ViewportUI" />
	<keyword match="VirtualMachineError" />
	<keyword match="Visibility" />
	<keyword match="VisibilityHelper" />
	<keyword match="VM_ABSTRACT" />
	<keyword match="VM_CUSTOM" />
	<keyword match="VM_NONE" />
	<keyword match="VM_TRUNCATABLE" />
	<keyword match="VMID" />
	<keyword match="VoiceStatus" />
	<keyword match="Void" />
	<keyword match="VolatileImage" />
	<keyword match="WCharSeqHelper" />
	<keyword match="WCharSeqHolder" />
	<keyword match="WeakHashMap" />
	<keyword match="WeakReference" />
	<keyword match="Window" />
	<keyword match="WindowAdapter" />
	<keyword match="WindowConstants" />
	<keyword match="WindowEvent" />
	<keyword match="WindowFocusListener" />
	<keyword match="WindowListener" />
	<keyword match="WindowStateListener" />
	<keyword match="WrappedPlainView" />
	<keyword match="WritableByteChannel" />
	<keyword match="WritableRaster" />
	<keyword match="WritableRenderedImage" />
	<keyword match="WriteAbortedException" />
	<keyword match="Writer" />
	<keyword match="WrongAdapter" />
	<keyword match="WrongAdapterHelper" />
	<keyword match="WrongPolicy" />
	<keyword match="WrongPolicyHelper" />
	<keyword match="WrongTransaction" />
	<keyword match="WrongTransactionHelper" />
	<keyword match="WrongTransactionHolder" />
	<keyword match="WStringSeqHelper" />
	<keyword match="WStringSeqHolder" />
	<keyword match="WStringValueHelper" />
	<keyword match="X500Principal" />
	<keyword match="X500PrivateCredential" />
	<keyword match="X509Certificate" />
	<keyword match="X509Certificate" />
	<keyword match="X509CertSelector" />
	<keyword match="X509CRL" />
	<keyword match="X509CRLEntry" />
	<keyword match="X509CRLSelector" />
	<keyword match="X509EncodedKeySpec" />
	<keyword match="X509Extension" />
	<keyword match="X509KeyManager" />
	<keyword match="X509TrustManager" />
	<keyword match="XAConnection" />
	<keyword match="XADataSource" />
	<keyword match="XAException" />
	<keyword match="XAResource" />
	<keyword match="Xid" />
	<keyword match="XMLDecoder" />
	<keyword match="XMLEncoder" />
	<keyword match="XMLFilter" />
	<keyword match="XMLFilterImpl" />
	<keyword match="XMLFormatter" />
	<keyword match="XMLReader" />
	<keyword match="XMLReaderAdapter" />
	<keyword match="XMLReaderFactory" />
	<keyword match="ZipEntry" />
	<keyword match="ZipException" />
	<keyword match="ZipFile" />
	<keyword match="ZipInputStream" />
	<keyword match="ZipOutputStream" />
	<keyword match="ZoneView" />
	<keyword match="_BindingIteratorImplBase" />
	<keyword match="_BindingIteratorStub" />
	<keyword match="_DynAnyFactoryStub" />
	<keyword match="_DynAnyStub" />
	<keyword match="_DynArrayStub" />
	<keyword match="_DynEnumStub" />
	<keyword match="_DynFixedStub" />
	<keyword match="_DynSequenceStub" />
	<keyword match="_DynStructStub" />
	<keyword match="_DynUnionStub" />
	<keyword match="_DynValueStub" />
	<keyword match="_IDLTypeStub" />
	<keyword match="_NamingContextExtStub" />
	<keyword match="_NamingContextImplBase" />
	<keyword match="_NamingContextStub" />
	<keyword match="_PolicyStub" />
	<keyword match="_Remote_Stub" />
	<keyword match="_ServantActivatorStub" />
	<keyword match="_ServantLocatorStub" />
  </keywords>

</highlight>
