<database>
	<!-- 
		required by the database connector to obtain unique keys
	-->
	
	<table name="ozone_lock">
		<column name="key" type="varchar(100)" primaryKey="true"/>
	</table>
	
	<table name="ozone_session">
		<column name="session_id" type="varchar(60)" primaryKey="true"/>
		<column name="started" type="timestamp"/>
		<column name="last_accessed" type="timestamp"/>
		<column name="ip_address" type="varchar(90)" />
		<column name="ip_address_ssl" type="varchar(90)" />
		<column name="ua_hash" type="varchar(256)" />
		<column name="check_ip" type="boolean" default="false" />
		<coulmn name="timeout" type="int"/>
		<column name="infinite" type="boolean" default="false" />
		
		<column name="user_id" type="int"/>
		<column name="serialized_datablock" type="bytea" />
	
		<foreignReference localKey="user_id" foreignTable="ozone_user" 
			foreignKey="user_id" />
		
	</table>


	<table name="ozone_user">
		<column name="user_id" type="serial" primaryKey="true"/>
		<column name="name" type="varchar(99)" unique="true"/>
		<column name="nick_name" type="varchar(70)" />
		<column name="password" type="varchar(99)" />
		<column name="email" type="varchar(99)"/>
		
		<column name="unix_name" type="varchar(99)" unique="true"/>
		
		<column name="last_login" type="timestamp"/>
		<column name="registered_date" type="timestamp"/>
		
		<column name="super_admin" type="boolean" default="false"/>
		<column name="super_moderator" type="boolean" default="false"/>
		
		<column name="language" type="varchar(10)" default="en"/>
		
	</table>
	
		
	<table name="ozone_group">
		<column name="group_id" type="serial" primaryKey="true" />
		<column name="parent_group_id" type="int"/>
		<column name="name" type="varchar(50)" unique="true"/>
		<column name="description" type="text" />
		
	</table>	
		
	<table name="ozone_permission">
		<column name="permission_id" type="serial" primaryKey="true" />
		<column name="name" type="varchar(50)" unique="true" />
		<column name="description" type="text" />
	</table>
	
	
	<table name="ozone_user_group_relation">
		<column name="user_group_id" type="serial" primaryKey="true" />
		<column name="user_id" type="int"/>
	 	<column name="group_id" type="int" />
	 	
	 	<foreignReference localKey="user_id" foreignTable="ozone_user" 
			foreignKey="user_id" />
			
		<foreignReference localKey="group_id" foreignTable="ozone_group" 
			foreignKey="group_id"  />
	
	 	
	</table>
	
	<table name="ozone_user_permission_modifier">
		<column name="user_permission_id" type="serial" primaryKey="true" />
		<column name="user_id" type="int" />
	 	<column name="permission_id" type="varchar(20)" />
		<column name="modifier" type="int" /> <!-- +1 to add, -1 to substract permission -->
	 		
	 	<foreignReference localKey="user_id" foreignTable="ozone_user" 
			foreignkey="user_id" />
		<foreignReference localKey="permission_id" foreignTable="ozone_permission" 
			foreignKey="permission_id"  />
			
	</table>
	
	<table name="ozone_group_permission_modifier">
		<column name="group_permission_id" type="serial" primaryKey="true" />
		<column name="group_id" type="varchar(20)" />
	 	<column name="permission_id" type="varchar(20)" />
		<column name="modifier" type="int" /><!-- +1 to add, -1 to substract permission -->
	 	
 		<foreignReference localKey="group_id" foreignTable="ozone_group" 
			foreignKey="group_id"  />	
		<foreignReference localKey="permission_id" foreignTable="ozone_permission" 
			foreignKey="permission_id"  />
	</table>
	
	<!-- replace with a sequence! -->
	<table name="unique_string_broker">
		<column name="last_index" type="int" />
	</table>
	
	<table name="form_submission_key">
		<column name="key_id" type="varchar(90)" primaryKey="true" />
		<column name="date_submitted" type="timestamp" />
	</table>
	
	<table name="storage_item">
		<column name="item_id" type="varchar(256)" primaryKey="true" />
		<column name="date" type="timestamp"/>
		<column name="timeout" type="int"/>
		<column name="data" type="bytea" />
	</table>
	
</database>